1.589260962061E12,-0.01908148415154249,-0.05005000407707564
1.589260962261E12,-0.017638587922840628,-0.044383330724567446
1.589260962459E12,-0.014380935836560051,-0.03751847568901432
1.589260962659E12,-0.012213953060358631,-0.030159955088307322
1.589260962858E12,-0.01202387995775477,-0.02620911433574279
1.589260963057E12,-0.007186798468320436,-0.022820474715540433
1.589260963256E12,-0.006300166106437303,-0.02138708105882447
1.589260963455E12,-0.003031948741407278,-0.019823784169074495
1.589260963653E12,7.902348737452323E-4,-0.014770481480269401
1.589260963853E12,0.0016844305245660536,-0.009102141314013674
1.589260964052E12,0.0029979554399985637,-0.008101729869689525
1.589260964249E12,0.003310757497915897,-0.0026193275380693624
1.589260964449E12,0.003081850047972645,8.686723743672959E-5
1.589260964647E12,0.0062163918419942295,-0.0024293683182024426
1.589260964847E12,0.010778532151364095,0.001404538261801362
1.589260965046E12,0.013353661799142687,0.009961373575400301
1.589260965245E12,0.013677238021341936,0.007303951853052731
1.589260965443E12,0.01862681538754939,0.007607549605445216
1.589260965642E12,0.021900707177507694,0.006784413798008526
1.589260965841E12,0.02335158552720083,0.014250224315114265
1.58926096604E12,0.030140409616842855,0.015119070555520232
1.589260966239E12,0.03454044620964661,0.0159879167959262
1.58926096644E12,0.03487643387850249,0.015731838845888906
1.589260966639E12,0.03394697379809878,0.01842367716789643
1.589260966837E12,0.03776555167387902,0.025287700196286584
1.589260967036E12,0.043990403039141215,0.02854380937124534
1.589260967235E12,0.043190419538680136,0.022074412191422338
1.589260967435E12,0.04647892954987155,0.03169772410476331
1.589260967633E12,0.05198569145408567,0.036391469901034375
1.589260967832E12,0.05625467863483677,0.037524155292712316
1.589260968031E12,0.05531856781513003,0.03375003964502132
1.589260968231E12,0.05861175578873111,0.03462041753291085
1.589260968429E12,0.06355825770562232,0.03435974409393815
1.589260968628E12,0.06388508572359858,0.038743841027549644
1.589260968828E12,0.06661553832756703,0.03848595431978275
1.589260969027E12,0.06749912050892569,0.03879080654424117
1.589260969226E12,0.07190095768164213,0.04022364652735234
1.589260969424E12,0.07628351238053367,0.03939897907243208
1.589260969623E12,0.08011777190887448,0.0397038312968905
1.589260969821E12,0.08393995552402699,0.04238214279315929
1.589260970021E12,0.0901996828073925,0.04085381678873294
1.589260970219E12,0.09288671669295871,0.042967857432050505
1.589260970418E12,0.09785612683976014,0.04804668185160714
1.589260970618E12,0.09874339883675466,0.04595408499422955
1.589260970817E12,0.09781199514793314,0.048632396490498345
1.589260971015E12,0.09687921490172283,0.05371122091005498
1.589260971214E12,0.09651067685089817,0.05640305923206251
1.589260971413E12,0.10217127786446481,0.059094897554070026
1.589260971613E12,0.10602177957719056,0.06476296027166575
1.589260971812E12,0.10270201405148653,0.06689108202638573
1.589260972011E12,0.10710385033674885,0.07253390046188991
1.589260972211E12,0.10856202041998707,0.06987730958856479
1.58926097241E12,0.11240348094979949,0.07552040486107266
1.589260972608E12,0.1138434723709441,0.08000943669692652
1.589260972808E12,0.11050727564406193,0.08327907269762401
1.589260973007E12,0.1125167310123972,0.08063266797158208
1.589260973206E12,0.11579601844099731,0.08627576324408995
1.589260973405E12,0.11724689767956478,0.08840333071314624
1.589260973604E12,0.1186941790578134,0.08632119684005556
1.589260973803E12,0.11958440484772632,0.08901303516206308
1.589260974004E12,0.1264324683767391,0.09229592115149562
1.589260974201E12,0.12730479319645546,0.09675970809360163
1.5892609744E12,0.13114265682443385,0.09762855433400758
1.589260974598E12,0.13315381484444377,0.09974287181432882
1.589260974796E12,0.13696879656925035,0.10242118331059763
1.589260974995E12,0.13841967403137675,0.10329002955100358
1.589260975194E12,0.13987776225314463,0.10780485995461267
1.589260975393E12,0.13893444552078063,0.1104966982766202
1.589260975592E12,0.1422116574082427,0.1084145644035295
1.589260975791E12,0.14184341031448625,0.11167095157316495
1.58926097599E12,0.13851310837476183,0.11141125494999544
1.58926097619E12,0.144208587015777,0.10691967709005595
1.589260976389E12,0.1414497427015966,0.10722452931451437
1.589260976588E12,0.14472003745180756,0.10514239544142367
1.589260976787E12,0.14617423514683647,0.10362453242128421
1.589260976987E12,0.14579407583263032,0.10632962073202679
1.589260977186E12,0.1442906679270532,0.11140816770292343
1.589260977385E12,0.14391825630558366,0.11353628945764341
1.589260977584E12,0.14003479465349322,0.11861511387720004
1.589260977783E12,0.14147902127200415,0.12130695219920758
1.589260977981E12,0.14349323323248794,0.12636025488801267
1.589260978181E12,0.14735038343072135,0.12906562003575892
1.589260978382E12,0.14881584258480443,0.13475948193276618
1.589260978578E12,0.14968087655854243,0.13919774714412064
1.589260978778E12,0.15170661545124525,0.13710515028674305
1.589260978977E12,0.15554447989848752,0.14218397470629968
1.589260979176E12,0.1593751424553838,0.1472627991258563
1.589260979375E12,0.16322020879297203,0.15234162354541292
1.589260979573E12,0.1646637962966868,0.15501993504168168
1.589260979772E12,0.16555042511515522,0.1553247872661401
1.58926097997E12,0.16992605145228504,0.1556281075698726
1.589260980169E12,0.1660425898001946,0.16070693198942923
1.589260980368E12,0.1656704538903587,0.1663497504249334
1.589260980567E12,0.16656068056783838,0.16847759473099339
1.589260980766E12,0.16801155891753153,0.17594340524809912
1.589260980966E12,0.17002677575408176,0.17864877039584537
1.589260981164E12,0.17565997783618378,0.18370207308465045
1.589260981363E12,0.17528423789501316,0.18639391140665798
1.589260981562E12,0.17673872116360775,0.18908574972866551
1.589260981761E12,0.17819319648474538,0.19416457414822214
1.589260981962E12,0.17909108682936392,0.20170541793685656
1.58926098216E12,0.18110224403011,0.20675872062566167
1.589260982359E12,0.18436921127867528,0.2118375450452183
1.589260982559E12,0.18639468070157925,0.21214392919040262
1.589260982758E12,0.1926195312463706,0.21483576751241015
1.589260982957E12,0.19407040959606373,0.2175276058344177
1.589260983156E12,0.19313430184820773,0.2226064302539743
1.589260983355E12,0.1945851801979009,0.22529826857598184
1.589260983554E12,0.1912620863524958,0.22799010689798938
1.589260983752E12,0.19214502129643038,0.23304340958679445
1.589260983952E12,0.19360318967163107,0.23391406458493003
1.58926098415E12,0.1932252330701445,0.23602810522824758
1.58926098435E12,0.19229162755617013,0.23633448937343193
1.589260984549E12,0.18840456098517827,0.23902632769543947
1.589260984747E12,0.19041212121447984,0.23932964799917197
1.589260984945E12,0.19185570783062786,0.2425719535113883
1.589260985144E12,0.19512960043985006,0.24469979781744827
1.589260985343E12,0.19476106238902538,0.24977862223700492
1.589260985542E12,0.1962119407387185,0.2524704605590124
1.589260985741E12,0.20005341719902428,0.2527753127834709
1.589260985941E12,0.19614244186021326,0.2560446719471647
1.589260986139E12,0.1999610213757282,0.25815898942748594
1.589260986338E12,0.20379888582297045,0.2608508277494934
1.589260986537E12,0.2058173338696949,0.26354266607150095
1.589260986737E12,0.21207346507049024,0.2662480312192472
1.589260986935E12,0.21589204376674132,0.2665513515229797
1.589260987135E12,0.21917829676629774,0.27405467867584976
1.589260987335E12,0.22064311362942154,0.27676004382359604
1.589260987534E12,0.22209067181330805,0.27467790995050534
1.589260987733E12,0.22592853626055032,0.2773697482725129
1.589260987932E12,0.22794698430727475,0.2776746004969713
1.589260988131E12,0.2288369463539739,0.28331797376415585
1.58926098833E12,0.23323572710421014,0.2854452632385354
1.589260988528E12,0.23705430580046122,0.2857485835422679
1.589260988727E12,0.23373121195505614,0.29321439405937366
1.589260988927E12,0.23518578417928315,0.29591975920711994
1.589260989124E12,0.2360547797917317,0.29914826044493753
1.589260989325E12,0.23809113785011393,0.301303435851135
1.589260989524E12,0.23897776666858236,0.3063822602706916
1.589260989723E12,0.24099289454950018,0.31384807078779736
1.589260989921E12,0.23949724050898316,0.32184063552208997
1.589260990119E12,0.24625146289045483,0.32214367898881874
1.589260990319E12,0.2525039900599154,0.3290830121257413
1.589260990517E12,0.2539583914670397,0.3293863324294738
1.589260990716E12,0.2554020608322248,0.3296911846539322
1.589260990915E12,0.254469549166939,0.32817332163379276
1.589260991114E12,0.2577431649718308,0.33268787520039816
1.589260991313E12,0.2597546958813042,0.33537971352240564
1.589260991512E12,0.26064492167121706,0.3380715518444132
1.589260991711E12,0.26447946595265265,0.3383764040688716
1.58926099191E12,0.26888130223791495,0.34163223640682666
1.589260992109E12,0.26794879146019596,0.33716339327319056
1.589260992309E12,0.2736373538528343,0.3393044875679856
1.589260992507E12,0.2732699228895996,0.33960780787171807
1.589260992707E12,0.27952965106183947,0.34231317301946435
1.589260992907E12,0.28578218529119026,0.3426195571646487
1.589260993106E12,0.2890527486931447,0.34110113985884555
1.589260993305E12,0.2910709280881256,0.3384552894184673
1.589260993504E12,0.2895675201130372,0.34114712774047484
1.589260993702E12,0.296328390229057,0.3462004304292799
1.589260993901E12,0.3025604488681677,0.35184380369646445
1.589260994101E12,0.3064103909720818,0.3539846199965828
1.589260994298E12,0.3054836913422947,0.35428640837958936
1.589260994499E12,0.3093637242629638,0.3521833485379249
1.589260994698E12,0.3108146026126569,0.3548751868599324
1.589260994897E12,0.31169791126531865,0.359954011279489
1.589260995096E12,0.3137127614530319,0.3655968297149932
1.589260995293E12,0.31222541015103134,0.3676976203695757
1.589260995492E12,0.3142405380319492,0.3703894586915832
1.589260995691E12,0.31274018075286847,0.37069431091604166
1.58926099589E12,0.3147517116623418,0.37816012143314737
1.589260996089E12,0.3156386164671843,0.3790289676735534
1.589260996291E12,0.3152523700870756,0.38119739245682954
1.589260996487E12,0.31433037451632295,0.3814976489191102
1.589260996686E12,0.3176009387363327,0.3794155150460195
1.589260996886E12,0.3220289861332431,0.3821208801937658
1.589260997084E12,0.32290167643828094,0.38479919169003457
1.589260997283E12,0.3225328689176574,0.39226500220714033
1.589260997483E12,0.32159205711076705,0.3949703673548866
1.589260997682E12,0.3230465315430303,0.39345250433474716
1.589260997882E12,0.3268964807397921,0.3883966556218564
1.589260998081E12,0.32835096400838665,0.3910884939438639
1.58926099828E12,0.3298054393295243,0.39139334616832233
1.589260998479E12,0.33305644832874404,0.3916966664720548
1.589260998677E12,0.33212033976162425,0.3949524988100098
1.589260998876E12,0.33652577472516165,0.39469335701852076
1.589260999076E12,0.3379803469493886,0.39260076016114315
1.589260999275E12,0.34420879446562447,0.3976795845806998
1.589260999474E12,0.3432690888587573,0.39616144472355663
1.589260999672E12,0.3447126772500388,0.3959007710113416
1.589260999871E12,0.3461671525711764,0.40097959543089823
1.589261000071E12,0.3476217247954034,0.40128597957608253
1.589261000268E12,0.34433202887809283,0.4015877679590891
1.589261000467E12,0.34283526774998585,0.40723086323159696
1.589261000666E12,0.34484679947992997,0.4045844585055551
1.589261000865E12,0.3457337051040362,0.40727629682756256
1.589261001064E12,0.3519585556488276,0.4099681351495701
1.589261001263E12,0.3539734058365408,0.41083698138997604
1.589261001462E12,0.35486031152895,0.4135288197119835
1.589261001661E12,0.35926214863347616,0.413833671936442
1.58926100186E12,0.3583296387446315,0.41834850234005105
1.589261002059E12,0.3550065448992264,0.41387938236941124
1.589261002258E12,0.35406323526102446,0.4117972484963206
1.589261002457E12,0.3549570659698388,0.412102100720779
1.589261002657E12,0.35937846569929693,0.41000950386340146
1.589261002856E12,0.35843876097999644,0.41270134218540894
1.589261003054E12,0.3622573387886808,0.41594364769762526
1.589261003254E12,0.3661180868459255,0.4132870568243001
1.589261003453E12,0.3699559512931677,0.41836588124385676
1.589261003652E12,0.3737902187689654,0.42105771956586424
1.589261003852E12,0.37468044455887833,0.4261365439854209
1.589261004051E12,0.37190490039177637,0.43180516098868027
1.58926100425E12,0.3733521826588993,0.43154574236018745
1.589261004449E12,0.3742424084488122,0.4318505945846459
1.589261004647E12,0.37624304359340577,0.4297789236958421
1.589261004847E12,0.37530583581785004,0.430649301856974
1.589261005045E12,0.3720030387955035,0.4351386105298315
1.589261005244E12,0.36811237525306706,0.43305647665674085
1.589261005444E12,0.3719661971315995,0.4315275963666508
1.589261005641E12,0.3739697948346238,0.43126566818236983
1.58926100584E12,0.37781125536443616,0.43452177735732855
1.58926100604E12,0.3792658284775375,0.4390618526546855
1.589261006238E12,0.38308440717378855,0.44411515534349055
1.589261006437E12,0.3869258685924753,0.4468069936654981
1.589261006637E12,0.3883768358978008,0.44471439680812047
1.589261006835E12,0.39163504678736655,0.44739270830438926
1.589261007034E12,0.393092579352781,0.44292358833374945
1.589261007233E12,0.39214648988755807,0.4408414544606588
1.589261007432E12,0.3941646684644836,0.44114630668511723
1.589261007631E12,0.3950515740885899,0.4438381450071247
1.589261007832E12,0.39467362791969635,0.4465570369806097
1.589261008031E12,0.39555693657235813,0.4492488753026172
1.58926100823E12,0.394624148169838,0.452504984477576
1.589261008427E12,0.3989840944953489,0.4546054982951548
1.589261008627E12,0.4022805921338021,0.45731086344290106
1.589261008827E12,0.40853672333459745,0.46001622859064734
1.589261009025E12,0.40816597220555617,0.46269454008691613
1.589261009224E12,0.4072298644577002,0.4653863784089236
1.589261009423E12,0.4134511100835901,0.4656912306333821
1.589261009623E12,0.4125175001670457,0.46359863377600447
1.589261009822E12,0.41578779491725654,0.466290472098012
1.58926101002E12,0.41304537276148556,0.46184381001667185
1.589261010218E12,0.41211396907266407,0.46689711270547696
1.589261010419E12,0.41598680010298716,0.4696160046789619
1.589261010618E12,0.41505429727403265,0.47230784300096945
1.589261010815E12,0.41357027913438016,0.47024663509645254
1.589261011014E12,0.4155784759939387,0.47055148732091095
1.589261011213E12,0.4194163404411809,0.4708563395453694
1.589261011412E12,0.4160968435672204,0.46877420567227873
1.589261011611E12,0.4199311110430181,0.46907905789673715
1.58926101181E12,0.4237689754902603,0.4765448684138429
1.589261012008E12,0.42996254537904766,0.4744731975250391
1.589261012208E12,0.4284577600273066,0.4777425566887329
1.589261012407E12,0.42569503480785076,0.48225738709234195
1.589261012606E12,0.42954010114543895,0.4873362115118986
1.589261012805E12,0.4304234097981007,0.4924150359314552
1.589261013005E12,0.4348481296933655,0.4927214200766395
1.589261013205E12,0.43630270103002566,0.4911928172352094
1.589261013403E12,0.4395573078882567,0.49093214352299436
1.589261013602E12,0.4439555401421843,0.4936239818450019
1.589261013802E12,0.44725564187906813,0.49449463684313744
1.589261014E12,0.45105161547899225,0.4942321543731927
1.589261014199E12,0.4501108036721018,0.494538538518377
1.589261014398E12,0.451561682021795,0.4972303768403845
1.589261014597E12,0.4535765330970749,0.49753522906484293
1.589261014797E12,0.452639318261629,0.4954426322074653
1.589261014996E12,0.4559096130118399,0.4957474844319238
1.589261015195E12,0.45972486338838997,0.5013645036880164
1.589261015393E12,0.4617430418958042,0.4992826472635857
1.589261015592E12,0.46024628247573474,0.5014104915696457
1.58926101579E12,0.46462190881286464,0.49933882068084184
1.589261015989E12,0.4684669751504528,0.49725668680775115
1.589261016188E12,0.4669632977055655,0.4999485251297586
1.589261016387E12,0.47136873096096477,0.5008176482071682
1.589261016586E12,0.4680420410329895,0.502604217662289
1.589261016785E12,0.4671095293677037,0.503132342725763
1.589261016984E12,0.46617342161984776,0.49832222474118765
1.589261017183E12,0.4652337169018549,0.49589881601715763
1.589261017382E12,0.46668819311055926,0.497685662309282
1.589261017581E12,0.4627975295681228,0.4928755443247066
1.58926101778E12,0.4618614218202669,0.4904524124376803
1.589261017979E12,0.4638762720079801,0.4957542328592489
1.589261018179E12,0.4653344420912183,0.4975528924192531
1.589261018377E12,0.46440663448496694,0.49808119911986015
1.589261018577E12,0.45570131086223375,0.49987958184286063
1.589261018776E12,0.45294578671386004,0.5022304221509326
1.589261018974E12,0.44726439975109156,0.5027587288515396
1.589261019174E12,0.4439174059401676,0.5021581305719781
1.589261019373E12,0.44298490311121314,0.5045089708800501
1.589261019572E12,0.43966180926580806,0.5044728250905729
1.589261019771E12,0.4387257015179521,0.5020496932035465
1.589261019969E12,0.4330479124155025,0.5091387026288113
1.589261020168E12,0.42915724887306606,0.5091025568393341
1.589261020368E12,0.428784006763207,0.5138641914178478
1.589261020567E12,0.4302348842240258,0.516779302578871
1.589261020766E12,0.4292987773650442,0.5185658720339916
1.589261020966E12,0.42540811382260774,0.5185297262445144
1.589261021163E12,0.4221017189412499,0.5184937620921702
1.589261021362E12,0.4217295839189808,0.5208446024002422
1.589261021561E12,0.42079347617112484,0.520808456610765
1.58926102176E12,0.4216837019610377,0.5207723108212878
1.589261021959E12,0.4260894279525682,0.5231231511293598
1.589261022158E12,0.42514611122020424,0.5254739914374317
1.589261022357E12,0.4289839747798797,0.526001839663902
1.589261022556E12,0.43044206300164756,0.5254016998584774
1.589261022755E12,0.43188573236683264,0.5301395262640984
1.589261022954E12,0.43277263799093896,0.5301033804746212
1.589261023153E12,0.4342268365064387,0.5324542207826932
1.589261023353E12,0.4332827045337416,0.5276199313509591
1.589261023552E12,0.4353011516915918,0.5329220286095313
1.589261023751E12,0.4361877813989345,0.532321611967103
1.589261023949E12,0.43763136890264925,0.5346606390072952
1.589261024148E12,0.43486892761702445,0.5370114793153671
1.589261024348E12,0.43152552900241314,0.5375388684560445
1.589261024548E12,0.42818934199811975,0.5369388244621466
1.589261024746E12,0.4248793421978605,0.5345278691172661
1.589261024945E12,0.423954048353414,0.5368787094253381
1.589261025145E12,0.4230060275620156,0.5368423819987278
1.589261025343E12,0.42151397131341384,0.5368064178463836
1.589261025542E12,0.4253518357606561,0.5391572581544556
1.589261025742E12,0.4196351081502497,0.5415080984625275
1.589261025939E12,0.42108202315561005,0.5438471255027196
1.58926102614E12,0.42255080336306655,0.5438106164389764
1.589261026337E12,0.42218475540549294,0.5419758316521894
1.589261026536E12,0.4183010098878744,0.5413756918467647
1.589261026735E12,0.4173615819742118,0.5413395460572876
1.589261026934E12,0.4193836420339998,0.5389164141702613
1.589261027133E12,0.4154926866443065,0.5364932822832349
1.589261027332E12,0.4175042175537798,0.5340701503962086
1.589261027531E12,0.4136171509827879,0.5340340046067314
1.58926102773E12,0.4132414110416173,0.5339978588172543
1.589261027929E12,0.4123089082126628,0.5387356852228754
1.589261028128E12,0.4113763974362514,0.536312553335849
1.589261028327E12,0.4152106649120491,0.5410503797414701
1.589261028528E12,0.41370783053625876,0.5434248465853015
1.589261028727E12,0.4181030126057997,0.5415657087142227
1.589261028925E12,0.4142326458864218,0.5457157329310036
1.589261029124E12,0.4109128722068233,0.5504535593366248
1.589261029324E12,0.412931693962275,0.5528162129125764
1.589261029522E12,0.41199668535455203,0.5551552399527687
1.589261029722E12,0.4134584585815582,0.555682906542106
1.58926102992E12,0.41433807424725294,0.5598329307588868
1.589261030119E12,0.4139659392249838,0.5550228127743114
1.589261030318E12,0.4178073997547962,0.5579379239353346
1.589261030516E12,0.4121224175983319,0.5620876713151118
1.589261030716E12,0.40878262478887956,0.5620513438885015
1.589261030914E12,0.40785122110005806,0.5620153797361573
1.589261031113E12,0.40874144688997094,0.5595922478491311
1.589261031312E12,0.4083695877844654,0.5553464007175068
1.589261031511E12,0.40686591122845245,0.5523589979775293
1.58926103171E12,0.4064937762061833,0.5547098382856013
1.589261031909E12,0.4073806818302896,0.5570606785936731
1.589261032108E12,0.4046179557915699,0.559411518901745
1.589261032307E12,0.40607603603160897,0.5593753731122679
1.589261032506E12,0.40274934521475936,0.564113199517889
1.589261032705E12,0.401816834438348,0.5664640398259608
1.589261032904E12,0.39792949106171815,0.5688148801340328
1.589261033103E12,0.3975540358736424,0.5759396926372029
1.589261033302E12,0.39661792812578645,0.580677519042824
1.589261033501E12,0.39511784765234365,0.5782543871557977
1.5892610337E12,0.399526892919492,0.5811697763114975
1.5892610339E12,0.3985788730182823,0.5829678810398213
1.589261034099E12,0.40241673746552453,0.5853187213478932
1.589261034297E12,0.40148533377670304,0.5900327395806216
1.589261034497E12,0.3999838694100324,0.5899964121540114
1.589261034696E12,0.3942704693012716,0.5899602663645342
1.589261034894E12,0.39389943341913547,0.5922992934047264
1.589261035094E12,0.3900025929688044,0.5970609279832401
1.589261035294E12,0.3920141238782777,0.5994117682913119
1.589261035492E12,0.3952913357657397,0.5969886364042857
1.589261035691E12,0.3991225517274743,0.6022901793771943
1.58926103589E12,0.3987537450249062,0.6016903170204295
1.589261036089E12,0.39725366455146344,0.6040411573285015
1.589261036289E12,0.39687682547015984,0.6040048299018912
1.589261036488E12,0.39594542178133835,0.603968865749547
1.589261036685E12,0.39681774571348793,0.6062960795218595
1.589261036884E12,0.4012424656087527,0.6086587330978113
1.589261037083E12,0.4026933439584458,0.6062356012107849
1.589261037282E12,0.40357997277691415,0.6061994554213077
1.589261037481E12,0.403200912669937,0.6061633096318306
1.58926103768E12,0.4070423820360807,0.6132881221350007
1.589261037879E12,0.4031586356308954,0.6156389624430726
1.589261038078E12,0.4051701665403687,0.6156028166535955
1.589261038277E12,0.40127977246773117,0.6155666708641183
1.589261038476E12,0.3985275749321287,0.6208687681226905
1.589261038674E12,0.3999711633247179,0.6226435243099315
1.589261038875E12,0.3960471018541869,0.6201960393386136
1.589261039074E12,0.3932915777058132,0.6201598935491364
1.589261039273E12,0.3899648868889636,0.6248977199547575
1.589261039472E12,0.3836908342204226,0.6248615741652803
1.589261039671E12,0.38037106054082415,0.6319863866684504
1.58926103987E12,0.37761221533776945,0.6349014978294736
1.589261040069E12,0.3766725115073433,0.6414620394796925
1.589261040268E12,0.37755941631218576,0.6396029016086137
1.589261040467E12,0.377190879080625,0.6437767339982873
1.589261040665E12,0.37569522586057874,0.6484907522310157
1.589261040865E12,0.3747544140536883,0.6460554438018435
1.589261041064E12,0.3672215966555354,0.6406810549643169
1.589261041263E12,0.36333093400197336,0.6459831522228893
1.589261041462E12,0.36295879897970423,0.6459470064334121
1.589261041661E12,0.3667773776759553,0.6482860334736043
1.589261041859E12,0.36823185299709293,0.6530238598792254
1.589261042058E12,0.3672921473902257,0.6559386942032448
1.589261042257E12,0.3615820683348383,0.6601125265929183
1.589261042456E12,0.35826257146087775,0.6624633669009903
1.589261042655E12,0.35255249151792356,0.6624272211115131
1.589261042854E12,0.3539997728961721,0.6671650475171341
1.589261043053E12,0.3501127063251802,0.6742898600203043
1.589261043252E12,0.3491765977580604,0.6795916804418729
1.589261043451E12,0.3464377733929978,0.6813667134661175
1.58926104365E12,0.34789594169979493,0.6794956758898967
1.589261043849E12,0.3493432230793511,0.6818462393609649
1.589261044049E12,0.35080860214709736,0.6836448989209691
1.589261044248E12,0.3498688823861779,0.6883827253265902
1.589261044446E12,0.34836990900032505,0.688346761174246
1.589261044646E12,0.35222705919855846,0.6931083957527596
1.589261044844E12,0.3512989756755435,0.6954474227929518
1.589261045043E12,0.35092711745891236,0.6954112770034746
1.589261045242E12,0.3499910097110564,0.6977621173115466
1.589261045441E12,0.35087431836371813,0.7001129576196184
1.589261045641E12,0.35289646028497645,0.6976776491904463
1.589261045839E12,0.3543400469011245,0.7029556614391222
1.589261046038E12,0.35283663981360286,0.7071294938287959
1.589261046238E12,0.35189915550835804,0.7118911284073095
1.589261046438E12,0.35392129742961637,0.7118548009806992
1.589261046636E12,0.3529898928532281,0.7100078396517663
1.589261046835E12,0.35444077209048797,0.7070207137487925
1.589261047033E12,0.3511379741805747,0.7069847495964483
1.589261047232E12,0.349637616901494,0.7093355899045202
1.589261047431E12,0.35108849525118707,0.711686430212592
1.589261047629E12,0.3483427529296095,0.7140254572527843
1.589261047829E12,0.34924026956550075,0.7091911678210502
1.589261048027E12,0.34411953605138684,0.7139051860537786
1.589261048227E12,0.34261475069964575,0.7168318336456778
1.589261048426E12,0.3392916576735045,0.7162316938402532
1.589261048624E12,0.3389206217913684,0.716195729687909
1.589261048824E12,0.3331854528982556,0.7185583832638608
1.589261049023E12,0.32986235816528375,0.7214732175878802
1.589261049222E12,0.33131323740254365,0.7232600638800045
1.589261049421E12,0.32981315692910085,0.7279978902856257
1.589261049621E12,0.3342342798529211,0.7279615628590154
1.589261049819E12,0.33567786735663585,0.7231756163215987
1.589261050019E12,0.3347370555497455,0.7255382698975504
1.589261050217E12,0.3314270548632287,0.7308160046975665
1.589261050417E12,0.33048984886149724,0.7278169797011067
1.589261050616E12,0.3289864408864088,0.7277808339116296
1.589261050814E12,0.3286295464093278,0.7301198609518218
1.589261051013E12,0.3252992435794147,0.7324707012598937
1.589261051212E12,0.32436313583155874,0.7324345554704165
1.589261051412E12,0.32822388300123667,0.7299992470412444
1.589261051611E12,0.32728417828193623,0.7323500873493163
1.589261051809E12,0.32872776489808425,0.7328781172129196
1.589261052009E12,0.33018233006242104,0.7298788147678
1.589261052207E12,0.32450454890742836,0.7298428506154558
1.589261052406E12,0.3235684411595724,0.7321936909235277
1.589261052605E12,0.3244486950524965,0.7273835729389523
1.589261052804E12,0.3240868087328541,0.724960441051926
1.589261053003E12,0.3231471040135536,0.7296982674575471
1.589261053202E12,0.3222145932371422,0.7344360938631682
1.5892610534E12,0.31890460138433985,0.7367751209033604
1.589261053599E12,0.3155851045103793,0.734351989016334
1.589261053799E12,0.3194386577371682,0.7367146425922858
1.589261053998E12,0.317941897429532,0.7366784968028086
1.589261054197E12,0.3175700392129008,0.7342553649157822
1.589261054396E12,0.3166339314650448,0.7389931913214034
1.589261054595E12,0.31569782371718885,0.7389570455319262
1.589261054795E12,0.316588423215829,0.7413196991078779
1.589261054994E12,0.31621628819355985,0.7412835533184008
1.589261055194E12,0.31767805436067587,0.7460451878969144
1.589261055392E12,0.31674665067185437,0.7531341973221791
1.589261055589E12,0.3134569547545438,0.7578244073820151
1.589261055789E12,0.3047516302429362,0.7601870609579668
1.589261055989E12,0.30437949522066715,0.7649248873635879
1.589261056187E12,0.3034433874728112,0.7648887415741107
1.589261056386E12,0.3025072797249552,0.7672395818821827
1.589261056586E12,0.3015664679180648,0.7696022354581343
1.589261056785E12,0.30063036017020883,0.764792117473559
1.589261056984E12,0.30447182158889563,0.7671429577816309
1.589261057183E12,0.3029681441440083,0.7718807841872519
1.589261057381E12,0.306790043006066,0.7742198112274442
1.58926105758E12,0.31118495509418703,0.774183665437967
1.589261057779E12,0.3102524522652325,0.7765345057460389
1.589261057977E12,0.3116960397689473,0.7764985415936947
1.589261058177E12,0.3107624369465649,0.7740632331645226
1.589261058375E12,0.31163151523853927,0.7787772513972511
1.589261058574E12,0.3083150682401156,0.7793053764607251
1.589261058774E12,0.3103374877874826,0.7787047781811637
1.589261058973E12,0.3094013800396267,0.7810556184892355
1.589261059172E12,0.3084616753203262,0.7810194726997584
1.589261059371E12,0.3051385805873544,0.7887082792188761
1.58926105957E12,0.3065894598246142,0.7952690977060987
1.589261059769E12,0.30565335207675826,0.7976199380141705
1.589261059968E12,0.3047208413003468,0.7951968061271443
1.589261060167E12,0.30378113658104633,0.7927736742401179
1.589261060367E12,0.29748171020925185,0.7927373468135077
1.589261060566E12,0.2923358797975224,0.7927012010240305
1.589261060766E12,0.2932231509764615,0.7956275711672698
1.589261060964E12,0.2928554425277689,0.7979665982074621
1.589261061163E12,0.2937459539570341,0.7949797497531481
1.589261061362E12,0.29576080503231406,0.8021045622563182
1.589261061561E12,0.2972116833820072,0.8068423886619394
1.589261061759E12,0.29571962713340544,0.8044314333170589
1.589261061959E12,0.2953466768708033,0.8067940868930106
1.589261062157E12,0.29203307300493747,0.8138830963182754
1.589261062356E12,0.29530696472659285,0.8210079088214456
1.589261062555E12,0.2973254127733173,0.8233587491295175
1.589261062754E12,0.2982087214259791,0.8233226033400404
1.589261062952E12,0.3002198786267252,0.8256616303802325
1.589261063152E12,0.2968800858172729,0.8304232649587461
1.589261063351E12,0.29594038109797244,0.8280001330717198
1.58926106355E12,0.29739485641911007,0.8303509733797917
1.589261063749E12,0.29884213779735863,0.8350887997854127
1.589261063948E12,0.3002966122296219,0.8427778831415341
1.589261064146E12,0.29936520942967476,0.8469276305213114
1.589261064346E12,0.29545784692319105,0.849290284097263
1.589261064545E12,0.29508930887236645,0.8540281105028842
1.589261064743E12,0.29178291399100864,0.85399214635054
1.589261064944E12,0.2908338011536392,0.8563666131943715
1.589261065143E12,0.29410769287529465,0.8587174535024433
1.589261065342E12,0.29612614003314475,0.8616325646634665
1.589261065541E12,0.29701276974048746,0.8634191341185872
1.58926106574E12,0.2990243006499608,0.86338298832911
1.589261065938E12,0.29753224440135906,0.8680970065618384
1.589261066138E12,0.29715208515424885,0.8704596601377902
1.589261066338E12,0.29381229234479656,0.8752212947163038
1.589261066536E12,0.29525947681995585,0.8751853305639596
1.589261066734E12,0.2919566939516615,0.8751493664116154
1.589261066934E12,0.2934112511342695,0.8775120199875672
1.589261067133E12,0.2948621294839626,0.87747587419809
1.589261067332E12,0.29153903563855754,0.8750527423110637
1.589261067531E12,0.2906029278907016,0.8797905687166848
1.589261067729E12,0.28966792723043555,0.882129595756877
1.589261067927E12,0.28636512932052227,0.8868436139896054
1.589261068127E12,0.28781970154474923,0.8868072865629951
1.589261068326E12,0.28449660769934415,0.8915451129686163
1.589261068524E12,0.28119021281798634,0.8938841400088084
1.589261068724E12,0.27969013234454354,0.8986219664144295
1.589261068923E12,0.27931329326324,0.9033836009929431
1.589261069122E12,0.2807641716129331,0.9009604691059168
1.58926106932E12,0.27983636489555613,0.8985495137610363
1.589261069519E12,0.28128724324524923,0.8985133679715592
1.589261069719E12,0.28217784274388935,0.8960780595423871
1.589261069918E12,0.28124505516184,0.8960419137529099
1.589261070117E12,0.2832565860713133,0.8960057679634328
1.589261070317E12,0.28231216934552145,0.8983684215393845
1.589261070516E12,0.27365473549833275,0.9031062479450056
1.589261070715E12,0.27566958657361273,0.9054570882530775
1.589261070914E12,0.2675725205331094,0.9101949146586985
1.589261071113E12,0.27141398195179617,0.9125457549667705
1.589261071312E12,0.2704778742039402,0.9125096091772933
1.589261071511E12,0.27192515558218877,0.9148604494853652
1.58926107171E12,0.2686020617367837,0.9124373175983389
1.58926107191E12,0.2670972772043065,0.9100020091691667
1.589261072108E12,0.2643548550485355,0.9123410362093589
1.589261072307E12,0.2628514462553917,0.9152555930847185
1.589261072506E12,0.2624826395528236,0.9194297029230519
1.589261072704E12,0.26098726313841525,0.9193937387707077
1.589261072903E12,0.25583755100214645,0.9193575929812305
1.589261073103E12,0.25194071055181533,0.9241192275597442
1.589261073301E12,0.2563199418078466,0.9264582545999364
1.5892610735E12,0.25777082015753977,0.9288090949080083
1.589261073699E12,0.2544477263121347,0.9335469213136294
1.589261073897E12,0.2582699019798303,0.9358859483538216
1.589261074098E12,0.2549098132348862,0.9334384633825036
1.589261074296E12,0.2534177569862845,0.9357774904226958
1.589261074495E12,0.2477076770433303,0.9381283307307676
1.589261074693E12,0.24439796199616587,0.9428423489634961
1.589261074892E12,0.24163883998878086,0.9409832110924172
1.589261075091E12,0.2407063300999361,0.9379960851894434
1.589261075292E12,0.237346241354992,0.9379595761257001
1.589261075491E12,0.23401954259068547,0.937923430336223
1.589261075689E12,0.23309174382076542,0.9402624573764152
1.589261075888E12,0.2297722460579305,0.9407905824398892
1.589261076087E12,0.22644555612995526,0.9425771518950099
1.589261076286E12,0.22244046625667901,0.9413475130567582
1.589261076486E12,0.22505153993107227,0.9358780039766944
1.589261076684E12,0.22581655934310463,0.9364652645676672
1.589261076884E12,0.22659263944510175,0.937628427642338
1.589261077083E12,0.23030582637433825,0.9387857749016354
1.589261077282E12,0.22630073561349526,0.933346157884233
1.589261077481E12,0.22945660492043304,0.9363264972251318
1.58926107768E12,0.22784571012921392,0.9350968583868802
1.58926107788E12,0.23101022819935021,0.9338610404589891
1.589261078077E12,0.23121073050087115,0.9350067560875397
1.589261078276E12,0.2295893065593374,0.9385510894443861
1.589261078474E12,0.23272931634343524,0.9397026208883101
1.589261078674E12,0.2364650152360996,0.9390307969763665
1.589261078872E12,0.23723363079779805,0.9449325876423668
1.589261079071E12,0.23799891614948313,0.9484766441622096
1.589261079271E12,0.23581202952679015,0.9538737752260567
1.589261079469E12,0.23657704811835167,0.9526503154774444
1.589261079669E12,0.24268055519505205,0.9561946488342908
1.589261079867E12,0.2434458325979726,0.9621259682886865
1.589261080066E12,0.23944434675603102,0.9614603234663823
1.589261080266E12,0.24501505570080398,0.9644584735276674
1.589261080466E12,0.24819037972689278,0.9608236745972143
1.589261080665E12,0.24895566507727024,0.9667549940516099
1.589261080864E12,0.2515475607710545,0.9655253552133582
1.589261081063E12,0.25231976325868305,0.9619087302775573
1.589261081262E12,0.2536528951117297,0.9606790914393056
1.589261081461E12,0.2544217774335517,0.959449452601054
1.589261081659E12,0.25462254649388855,0.960600984044978
1.589261081858E12,0.2583390674730398,0.9593713452067263
1.589261082057E12,0.2638855189614045,0.9581417063684746
1.589261082257E12,0.2592927333113317,0.9617038504457072
1.589261082456E12,0.2582421992326359,0.9676351699001028
1.589261082655E12,0.26322080421833133,0.9735664893544984
1.589261082854E12,0.26398636637434664,0.9723368505162467
1.589261083053E12,0.26293223532420634,0.9734941977755441
1.589261083251E12,0.26132226272323156,0.9675207556418592
1.589261083449E12,0.26446227250732945,0.9639223047007106
1.589261083649E12,0.26228351617182205,0.9674666380575571
1.589261083848E12,0.2630562622239045,0.963831839127104
1.589261084047E12,0.26438579710550664,0.9649891863864013
1.589261084246E12,0.26754166552487774,0.9637595475481496
1.589261084444E12,0.26298940150413425,0.96728607018461
1.589261084643E12,0.2667161662333079,0.9666207021993095
1.589261084843E12,0.26988429720538204,0.972017556426153
1.589261085042E12,0.27304376259619767,0.966013945392803
1.58926108524E12,0.276180175408851,0.967165476836727
1.58926108544E12,0.27455394045837145,0.9683286399113977
1.589261085639E12,0.26998487785950837,0.9647120149755969
1.589261085838E12,0.2707570803471369,0.9682563483324433
1.589261086037E12,0.27447719829773276,0.9694136955917407
1.589261086236E12,0.27285909452200563,0.9681840567534891
1.589261086436E12,0.27306427087705665,0.9645492578230359
1.589261086634E12,0.27677185035818586,0.9657007892669599
1.589261086834E12,0.2775445964102683,0.9692629333441926
1.589261087032E12,0.2783096150018298,0.9680394735955803
1.589261087231E12,0.28384887254730545,0.9691968208548777
1.589261087429E12,0.28223889994633067,0.9679733611062654
1.58926108763E12,0.2781971539960942,0.9721175867568354
1.589261087829E12,0.27657905022036705,0.9721463923102304
1.589261088027E12,0.2725904903442858,0.9738621946071055
1.589261088226E12,0.2775726923014257,0.9726325557688539
1.589261088425E12,0.27890582415447246,0.969015930833053
1.589261088623E12,0.27729225458205314,0.9749174446620497
1.589261088822E12,0.2804517190839944,0.9790260488718473
1.589261089021E12,0.28122060229469076,0.9820061113757426
1.58926108922E12,0.281425235085288,0.98316345863504
1.589261089419E12,0.28275476996689014,0.9843208058943372
1.589261089618E12,0.2805760136313828,0.9830911670560856
1.589261089817E12,0.2819091454844295,0.9818615282178339
1.589261090015E12,0.2826705662169798,0.9835770536777054
1.589261090217E12,0.28345463758859424,0.9866108251797627
1.589261090415E12,0.2842160592087113,0.9853873654311505
1.589261090613E12,0.2826060866077365,0.9889138880676108
1.589261090813E12,0.2785844667372652,0.9906413219952327
1.589261091013E12,0.2769546357042155,0.9888412332143903
1.589261091212E12,0.27534012889993287,0.9899985804736877
1.589261091411E12,0.2755414415247235,0.991155927732985
1.589261091609E12,0.2739347890895554,0.9946824503694454
1.589261091809E12,0.27230855413907584,0.9958456134441162
1.589261092008E12,0.273638089020678,0.9946159746058645
1.589261092207E12,0.27384631878271976,0.9981603079627109
1.589261092406E12,0.2722248940219222,0.9998816492379559
1.589261092605E12,0.2711743607624902,0.9957010302862075
1.589261092804E12,0.2695526591277518,0.9974223715614524
1.589261093003E12,0.2727085284346896,1.0027896969999004
1.589261093202E12,0.2758643968540607,1.0039470442591978
1.5892610934E12,0.27425802122453047,1.0098485580881944
1.589261093598E12,0.2726444516521112,1.006250107147046
1.589261093797E12,0.2710263469888173,1.007971448422291
1.589261093996E12,0.27123125665335535,1.0091287956815884
1.589261094195E12,0.2720034599602478,1.0097221489249382
1.589261094394E12,0.2661720365492026,1.0132664822817845
1.589261094593E12,0.26694091887102456,1.0096498573459838
1.589261094792E12,0.2623751764379681,1.0131941907028303
1.589261094992E12,0.26074562132168194,1.014357353777501
1.589261095191E12,0.257308101145437,1.0131277149392492
1.589261095389E12,0.2551372130631523,1.011904255190637
1.589261095588E12,0.25407642779729056,1.0082876302548363
1.589261095787E12,0.24712037910087842,1.0118319636116826
1.589261095987E12,0.24605451195708422,1.0177930886914772
1.589261096187E12,0.24443188192550613,1.0237542137712716
1.589261096385E12,0.2475754886810485,1.0201557628301232
1.589261096585E12,0.24834463776168636,1.0237179069073559
1.589261096783E12,0.24616736493347915,1.02486943835128
1.589261096982E12,0.24273317137000552,1.0242040703659794
1.589261097182E12,0.24350591831096224,1.0248029625876989
1.589261097381E12,0.2442712036613397,1.0259603098469963
1.58926109758E12,0.24265309899804582,1.0276816511222413
1.589261097778E12,0.24103952236573636,1.0258941973576814
1.589261097977E12,0.23465464828525698,1.0270515446169788
1.589261098177E12,0.22822685435820908,1.0258157266890875
1.589261098376E12,0.22899933365147554,1.0245860878508357
1.589261098575E12,0.22738122987574838,1.020969462915035
1.589261098773E12,0.22520700774354896,1.022120994358959
1.589261098971E12,0.2235937149767676,1.0208975346103466
1.589261099171E12,0.22493043375443678,1.0220606976850173
1.589261099369E12,0.22569904931744283,1.0255872203214778
1.589261099568E12,0.22407734857027117,1.029131553678324
1.589261099768E12,0.22485369159379806,1.0254967547478713
1.589261099967E12,0.23039294913927374,1.0242671159096195
1.589261100165E12,0.2287865735097435,1.02779363854608
1.589261100365E12,0.22955931956182588,1.0289568016207506
1.589261100563E12,0.22500678525201967,1.0259223446955497
1.589261100762E12,0.22634323809013682,1.0265156979388994
1.589261100962E12,0.22711598414221917,1.032476823018694
1.589261101161E12,0.22788126949259666,1.0336341702779914
1.589261101361E12,0.23048902300239027,1.030563365363486
1.589261101559E12,0.2265073801939497,1.0264009204063897
1.589261101759E12,0.22544539477469483,1.0251651024784987
1.589261101958E12,0.22621427709651679,1.023935463640247
1.589261102157E12,0.22698315941833877,1.0227058248019951
1.589261102356E12,0.2247974859455803,1.0238631720612925
1.589261102555E12,0.22374695186688448,1.0178595610279426
1.589261102754E12,0.2197418619936082,1.0166299221896908
1.589261102953E12,0.21812375821788105,1.0154002833514393
1.589261103152E12,0.2188890426806918,1.0195086107242333
1.589261103351E12,0.21727093979253137,1.0248759361626811
1.58926110355E12,0.22043040518334694,1.018872325129331
1.589261103749E12,0.2182480518763951,1.0176426862910795
1.589261103947E12,0.22194871422027315,1.016419226542467
1.589261104145E12,0.2203387416192984,1.0128207756013186
1.589261104344E12,0.21872423481501577,1.016365108958165
1.589261104543E12,0.21948952016539322,1.0175224562174623
1.589261104742E12,0.2178750133611106,1.0162928173792107
1.589261104941E12,0.21807632598590124,1.01267619244341
1.58926110514E12,0.22418315322840823,1.0138335397027074
1.589261105339E12,0.2249556325216747,1.0197648591571027
1.589261105538E12,0.22276995904891625,1.016148234221302
1.589261105738E12,0.22650565882914736,1.0173113972959729
1.589261105937E12,0.22966152724851843,1.0113077862626227
1.589261106135E12,0.22805515161898818,1.0124593177065468
1.589261106336E12,0.22826419170429965,1.0112173206890163
1.589261106535E12,0.2248266715280547,1.0099876818507645
1.589261106733E12,0.22502412042258493,1.006389230909616
1.589261106933E12,0.22876702918732403,1.0075523939842868
1.589261107132E12,0.2289614022974055,1.006322755146035
1.589261107331E12,0.22973361212087315,1.0027061302102342
1.589261107529E12,0.22631262016538217,1.004421655670106
1.589261107728E12,0.22230392537451366,1.0055787254807433
1.589261107927E12,0.22841255879780514,1.0061723561727531
1.589261108126E12,0.22623587889231017,1.0073297034320503
1.589261108326E12,0.22644437541316786,1.0036949045015975
1.589261108525E12,0.22721659178490458,1.0000782795657968
1.589261108723E12,0.22797827632655138,1.0012298110097206
1.589261108922E12,0.23170200629021065,1.002387158269018
1.58926110912E12,0.23245981589726417,1.0011636985204058
1.589261109319E12,0.23800267041418435,1.004708031877252
1.589261109519E12,0.2387790134377112,1.0082701759544848
1.589261109717E12,0.23953683013892682,1.0070467162058725
1.589261109917E12,0.2355152191047868,1.0082098792805432
1.589261110116E12,0.23333646276927947,1.0069802404422916
1.589261110314E12,0.23229073969952943,1.003381789501143
1.589261110513E12,0.22533109403167276,0.9997651645653423
1.589261110712E12,0.22610329651930133,0.9937615535319922
1.589261110911E12,0.22265885920580528,0.9996928729863878
1.58926111111E12,0.22342774152762723,1.000850220245685
1.58926111131E12,0.2260354958566847,0.9996144023177939
1.589261111509E12,0.2249885737910524,0.9983847634795422
1.589261111708E12,0.22040897470603563,0.9923811524461922
1.589261111907E12,0.22652272553275846,0.9917157844608917
1.589261112107E12,0.22729187550227065,0.9875167146774875
1.589261112306E12,0.23044774392164172,0.9910610480343339
1.589261112505E12,0.23122022321490818,0.9898314091960823
1.589261112704E12,0.22721513334163193,0.9933757425529286
1.589261112901E12,0.22560969494396507,0.9921584618939558
1.589261113102E12,0.2312082565414573,0.9909164648764253
1.589261113301E12,0.23141316613769247,0.9896868260381736
1.5892611135E12,0.2279756459614475,0.990844173297471
1.589261113698E12,0.22635847147012683,0.9896207135488586
1.589261113896E12,0.22950208617312612,0.9883972538002462
1.589261114096E12,0.2326810222122784,0.9847624548697932
1.589261114294E12,0.2334388309317652,0.9864779803296648
1.589261114493E12,0.2342113111125984,0.9870713335730146
1.589261114692E12,0.23020983236219697,0.9911802157774889
1.589261114891E12,0.23097150658969962,0.9893860280916094
1.58926111509E12,0.22696641671642334,0.9881563892533577
1.589261115289E12,0.22773529815067858,0.9863627563991585
1.589261115488E12,0.22794020863448047,0.9904710837719525
1.589261115687E12,0.22927666065333377,0.9916284310312498
1.589261115887E12,0.23188413735628252,0.988557902953748
1.589261116085E12,0.23321340629953957,0.9867701723521844
1.589261116284E12,0.23398228862136156,0.9831535474163837
1.589261116484E12,0.23475503467344394,0.9843167104910544
1.589261116684E12,0.234960211028495,0.9830808925631632
1.589261116883E12,0.23628946115700233,0.9866252259200096
1.589261117081E12,0.2394366719425718,0.9883410282168849
1.589261117281E12,0.24020582191208398,0.9841419584334806
1.589261117479E12,0.24097084050364553,0.987668481069941
1.589261117679E12,0.24597424751556388,0.9893953607118993
1.589261117878E12,0.249133444254636,0.98760200530636
1.589261118077E12,0.2528532853995939,0.9887593525656574
1.589261118275E12,0.2536183039911554,0.9899108840095814
1.589261118474E12,0.25438358139407596,0.9886812451713297
1.589261118673E12,0.25220510981166344,0.9946125646257252
1.589261118873E12,0.251142846699204,1.0011376837214674
1.589261119071E12,0.2519078661783323,0.9969752387643712
1.589261119271E12,0.25268061223041466,0.9957394208364799
1.589261119468E12,0.24815845600680336,1.0016111290400778
1.589261119668E12,0.24709313653763376,1.0075722541198722
1.589261119866E12,0.2502295493502871,1.0110987767563326
1.589261120065E12,0.2504377791123289,1.007482151820532
1.589261120265E12,0.25177477469563597,1.0062463338926406
1.589261120463E12,0.25491118750828934,1.0097728565291009
1.589261120662E12,0.25329308373256215,1.0109302037883983
1.589261120861E12,0.25406556302582867,1.0120875510476957
1.58926112106E12,0.2542668756506193,1.0156318844045422
1.589261121259E12,0.25560332766947264,1.0120152594687413
1.589261121458E12,0.25580464029426325,1.0107856206304897
1.589261121657E12,0.2595208756340622,1.0148936705546237
1.589261121858E12,0.25789371228543373,1.0130879569698055
1.589261122056E12,0.2580944813457705,1.0118644972211932
1.589261122255E12,0.2588633636675925,1.0106348583829414
1.589261122455E12,0.2553951953554298,1.0141970024601743
1.589261122654E12,0.25321672377301724,1.0129673636219225
1.589261122851E12,0.2521824520438262,1.0117500829629498
1.589261123052E12,0.24812990812067362,1.0177410136681433
1.589261123251E12,0.24595143653826113,1.0212853470249896
1.58926112345E12,0.2472842915856699,1.022442694284287
1.589261123649E12,0.2474858736802594,1.0236000415435844
1.589261123848E12,0.24825808350372702,1.0199834166077837
1.589261124047E12,0.2538042581864538,1.016366791671983
1.589261124246E12,0.2503598208729577,1.0175241389312804
1.589261124446E12,0.25353514489904655,1.0138893400008273
1.589261124642E12,0.2472394318825552,1.0079762356664725
1.589261124841E12,0.2527786894280309,1.0019726246331224
1.58926112504E12,0.2583251409163956,1.007903944087518
1.589261125239E12,0.25909042626677303,1.0090612913468153
1.589261125438E12,0.25986290467116513,1.013169895556613
1.589261125637E12,0.2582412039253011,1.0119399798813578
1.589261125836E12,0.26083309968738827,1.0107103410431062
1.589261126035E12,0.2645565377341802,1.009480979041858
1.589261126235E12,0.26054785177833373,1.0029130971555567
1.589261126433E12,0.26074943387292326,1.004070444414854
1.589261126632E12,0.2596986303244286,1.0004538194790533
1.589261126832E12,0.26527293535307933,1.001616982553724
1.589261127032E12,0.2612513314131013,1.002780145628395
1.58926112723E12,0.25963414982761857,1.0039316770723188
1.58926112743E12,0.262241904156676,1.0050948401469897
1.589261127629E12,0.2635783561755293,1.003865201308738
1.589261127828E12,0.2601318414763701,1.0031995564864338
1.589261128027E12,0.26510891804256975,1.0091305984921692
1.589261128225E12,0.2629418986869737,1.0049684309837332
1.589261128425E12,0.2613156637364942,1.003732613055842
1.589261128623E12,0.2620806815075849,1.0054484153527172
1.589261128822E12,0.265236549926956,1.0089927487095636
1.589261129021E12,0.26656968260047353,1.0071988390183608
1.58926112922E12,0.2697219540484001,1.0035822140825599
1.589261129419E12,0.2681038502726729,0.9999655891467593
1.58926112962E12,0.26888405702646023,0.9987235921292287
1.589261129816E12,0.26964134815750096,0.9998634919424059
1.589261130015E12,0.2656362582842247,1.0010208392017033
1.589261130214E12,0.26345390497727283,0.9997912003634516
1.589261130414E12,0.2671862845916973,0.9985553824355603
1.589261130612E12,0.26795490015470336,0.9997069138794844
1.589261130811E12,0.27111076857407446,0.9984772750412326
1.58926113101E12,0.2742666361045712,0.9978119070559321
1.589261131209E12,0.275031922343823,0.9960179973647293
1.589261131408E12,0.2734174155395404,0.9971753446240267
1.589261131607E12,0.2694123256662641,0.9983326918833241
1.589261131806E12,0.2677906240315257,1.000054033158569
1.589261132005E12,0.2656118685835851,1.0006473864019187
1.589261132205E12,0.26878359563822934,1.0018105494765894
1.589261132404E12,0.2701131296322648,0.9963709324591871
1.589261132603E12,0.2703147126144211,0.9969642857025368
1.589261132803E12,0.26628617243184305,0.9933294867720839
1.589261133E12,0.2652585524338342,0.9944752024006345
1.589261133201E12,0.2606456407039962,0.9932332053831039
1.5892611334E12,0.26198209272284956,0.9943905526424013
1.589261133598E12,0.2574295584130433,0.9961060781022728
1.589261133797E12,0.2582017617199357,0.9943124452480736
1.589261133997E12,0.25897450777201814,0.9954756083227444
1.589261134196E12,0.25735640399629095,0.9942459694844926
1.589261134395E12,0.2581219661523063,0.99540331674379
1.589261134594E12,0.26128115473748403,0.9989476501006365
1.589261134792E12,0.26260322096992433,1.004849163929633
1.58926113499E12,0.2633718444803873,1.0012507129884847
1.589261135189E12,0.26652410798085696,1.002408060247782
1.589261135388E12,0.26673262249599355,1.0059523936046284
1.589261135587E12,0.2680690745148469,1.0047227547663768
1.589261135786E12,0.2664473737676752,1.0082670881232232
1.589261135985E12,0.26648178435694253,1.0092539363755528
1.589261136184E12,0.27003112649493266,1.0078537985303333
1.589261136383E12,0.2652948850549084,1.0112276328802121
1.589261136582E12,0.26883730210819046,1.0050535228398945
1.589261136781E12,0.26887863778216586,1.0060403710922239
1.58926113698E12,0.2694737001119496,1.007591213360501
1.589261137179E12,0.2676884183143251,1.0127880397919813
1.58926113738E12,0.2707004712736092,1.0113738302096238
1.589261137578E12,0.2718598203627193,1.0147307106180457
1.589261137777E12,0.2742812162302719,1.0115075806912248
1.589261137977E12,0.2730475990387458,1.0119353939640505
1.589261138176E12,0.27603656542259364,1.010535256118831
1.589261138375E12,0.271857379570905,1.0067481321760625
1.589261138573E12,0.26951379201630515,1.0029800390068755
1.589261138772E12,0.26772850939941684,1.001579901161656
1.589261138972E12,0.2616972061891409,1.0001727274478676
1.589261139169E12,0.26701556817638017,1.0011496576273093
1.589261139369E12,0.2670493887455339,0.9997424839135208
1.589261139567E12,0.26821233391721416,0.9989136527898214
1.589261139767E12,0.26881372507227363,0.9993411892256436
1.589261139966E12,0.2670251222895787,1.0027150235755224
1.589261140164E12,0.27180623150694977,0.9989469304063355
1.589261140364E12,0.2705728903017977,1.002337718697671
1.589261140562E12,0.2664218962933118,1.003319607913557
1.589261140761E12,0.2670166675951025,0.9971454978732391
1.58926114096E12,0.2676150509099567,1.0005193322231178
1.589261141159E12,0.26525555092858477,1.0015061804754475
1.589261141358E12,0.2664212344706714,1.000106042630228
1.589261141557E12,0.2694066038830747,1.0010928908825574
1.589261141756E12,0.2622800561796947,1.0068537113299854
1.589261141955E12,0.2604981067910371,1.0036311362348447
1.589261142154E12,0.2592668233398916,1.0016664495419971
1.589261142354E12,0.2598682136060767,1.0002592758282087
1.589261142554E12,0.2604732008437063,1.0060490451221058
1.589261142753E12,0.2562940149920177,1.0070358933744354
1.58926114295E12,0.25924938069173353,1.0080128235538772
1.589261143151E12,0.261704101257044,1.013831541694244
1.589261143349E12,0.2646744688131035,1.010063448525057
1.589261143548E12,0.2610631294640842,1.0086633106798375
1.589261143748E12,0.2658949120383618,1.0048571559634873
1.589261143946E12,0.26943284929145267,1.0034640539868367
1.589261144146E12,0.27186897102897495,1.0044558612756103
1.589261144344E12,0.2724643473924982,1.005437750491496
1.589261144543E12,0.2712436061540915,1.0064245987438254
1.589261144742E12,0.26944779438688854,1.0050244608986059
1.589261144941E12,0.2670985390444134,1.0036243230533863
1.589261145139E12,0.2635045855826442,1.0046062122692723
1.589261145338E12,0.2688805371751668,1.0061573313745529
1.589261145537E12,0.2689146718476706,1.0041929226763822
1.589261145736E12,0.26712274889916904,1.0051797709287118
1.589261145935E12,0.2653374662822807,1.0061666191810412
1.589261146134E12,0.2664965021569151,1.0071534674333706
1.589261146333E12,0.26947826665041696,1.0081403156857003
1.589261146532E12,0.27190326825613487,1.011514150035579
1.589261146731E12,0.2730656242965759,1.0101140121903596
1.58926114693E12,0.27071636895410073,1.011100860442689
1.589261147129E12,0.27187540482873507,1.0144746947925678
1.589261147328E12,0.27486077424113836,1.0130745569473483
1.589261147527E12,0.2748985049962123,1.016448391297227
1.589261147726E12,0.27844812393984036,1.0174352395495567
1.589261147926E12,0.27368398250387027,1.016028065835768
1.589261148125E12,0.27245935155919543,1.0151919220064962
1.589261148325E12,0.27545611879660775,1.0180187162818841
1.589261148523E12,0.27843368824301323,1.0190006054977698
1.589261148723E12,0.2784675088121669,1.0199924127865434
1.589261148921E12,0.2820018490938133,1.0185993108098927
1.589261149121E12,0.27964028563184967,1.0147931560935424
1.58926114932E12,0.28023866894670385,1.015780004345872
1.589261149519E12,0.283788011084694,1.0096058943055544
1.589261149717E12,0.28438338744821723,1.01058778352144
1.589261149917E12,0.2849889788573907,1.014526166718947
1.589261150114E12,0.2879521383191309,1.0125685158946682
1.589261150314E12,0.2903885368622911,1.0135603231834418
1.589261150512E12,0.29099056744153573,1.0169172035918637
1.589261150711E12,0.29214626926625537,1.0202910379417425
1.58926115091E12,0.29513884766316667,1.016503913998974
1.589261151109E12,0.295733618076083,1.0156680470067057
1.589261151308E12,0.2915544331132688,1.013703638308535
1.589261151507E12,0.29636281589763436,1.0146904865608644
1.589261151706E12,0.3017384915733934,1.0132903487156448
1.589261151905E12,0.3029011244194723,1.0142771969679742
1.589261152104E12,0.30532224430065086,1.0104900730252058
1.589261152303E12,0.30409429407773614,1.0090899351799862
1.589261152503E12,0.3094972424316152,1.0106460133217108
1.589261152701E12,0.31009261968401286,1.0086886404921092
1.589261152901E12,0.3125254212557285,1.0072814667783205
1.589261153101E12,0.3064902363209132,1.008273274067094
1.589261153299E12,0.3089002360702873,1.0092551632829798
1.589261153497E12,0.30293820855323306,1.0078620613063292
1.589261153697E12,0.3005730481198249,1.0088538685951027
1.589261153896E12,0.30173179924136445,1.0122277029449815
1.589261154095E12,0.30176981474953324,1.010827565099762
1.589261154294E12,0.30237151740972323,1.0099916981074937
1.589261154493E12,0.3011471640898495,1.010978546359823
1.589261154693E12,0.30118098554787753,1.0138050637982075
1.589261154891E12,0.3023403346369877,1.0171619442066293
1.589261155091E12,0.29814376289804895,1.0181537514954029
1.589261155288E12,0.30346572185673276,1.0144046890997978
1.589261155488E12,0.3088650741280417,1.0129975153860094
1.589261155686E12,0.3088928807945336,1.0116044134093587
1.589261155885E12,0.3076682507374255,1.0102042755641392
1.589261156084E12,0.3058796470671638,1.0117551178324165
1.589261156283E12,0.308301044641547,1.0145649581663474
1.589261156482E12,0.31185038677953714,1.0083908481260297
1.589261156681E12,0.31006538096828673,1.0141516685734577
1.589261156881E12,0.31010252170324704,1.017542456864793
1.58926115708E12,0.31126155757788143,1.0185293051171227
1.589261157278E12,0.31129296121581784,1.024261176718081
1.589261157477E12,0.3142750031265755,1.0276350110679597
1.589261157676E12,0.3178312697376558,1.0310088454178385
1.589261157876E12,0.3184290630323964,1.0320006527066121
1.589261158075E12,0.3166404602497014,1.0329875009589415
1.589261158274E12,0.31906185693651784,1.0339743492112712
1.589261158474E12,0.32262979790229623,1.0325671754974826
1.589261158672E12,0.32560016545835574,1.031174073520832
1.589261158874E12,0.3262039726557582,1.0297528280699055
1.589261159071E12,0.32386604555319454,1.028366761961824
1.589261159269E12,0.32502872214395023,1.0293486511777097
1.589261159468E12,0.3256271054588044,1.0279485133324902
1.589261159668E12,0.3214341306913102,1.0265413396187018
1.589261159867E12,0.324415903132269,1.0251412017734822
1.589261160065E12,0.327389867659773,1.028498082181904
1.589261160266E12,0.32557608707936836,1.0294948485071216
1.589261160463E12,0.32617565838190665,1.0328347749740867
1.589261160661E12,0.3267674368864186,1.0343806582059203
1.58926116086E12,0.32736582108883955,1.0324165263447531
1.589261161059E12,0.3303475855823414,1.0310163884995336
1.589261161258E12,0.3333329549947447,1.0296162506543138
1.589261161457E12,0.3315479571309512,1.0258291267115454
1.589261161656E12,0.3321463404458054,1.0244289888663258
1.589261161855E12,0.33513170897064193,1.025979831134603
1.589261162054E12,0.33095612097796456,1.0240156992734357
1.589261162253E12,0.3339450873618124,1.0226155614282162
1.589261162452E12,0.3321528876076729,1.0164414513878985
1.589261162651E12,0.33275486789397163,1.0174282996402282
1.58926116285E12,0.32857568204228305,1.0112541895999103
1.589261163049E12,0.33156105145468634,1.01224103785224
1.58926116325E12,0.3321690456436469,1.0084158523623077
1.589261163449E12,0.3327674289585011,1.0046287284195392
1.589261163647E12,0.330987814129488,1.0032356264428886
1.589261163847E12,0.32622699285932455,1.0042274337316621
1.589261164044E12,0.32501701765620683,1.0057683579270515
1.589261164244E12,0.32322302388996693,1.0091594230553906
1.589261164443E12,0.3214308250247018,1.0095820004547689
1.589261164643E12,0.319633234288325,1.0057758457384185
1.589261164842E12,0.31966764487759236,1.004375707893199
1.589261165039E12,0.32082758398681605,1.000626645497594
1.589261165239E12,0.3190263962789947,1.0040174337889294
1.589261165438E12,0.31723779349629977,1.0026172959437099
1.589261165637E12,0.3154491898260381,1.0041681382119871
1.589261165836E12,0.3178705874004213,1.00220400635082
1.589261166034E12,0.3160876450697626,1.0008109043741693
1.589261166233E12,0.3148663425143001,0.9970237804314007
1.589261166432E12,0.3130813367030497,0.9980106286837302
1.589261166631E12,0.31367971912902953,0.9971747616914619
1.58926116683E12,0.3142709014424121,0.9999843251883895
1.589261167029E12,0.3148764857587379,0.9967614720985721
1.589261167228E12,0.31546766807212046,0.9971840494979505
1.589261167427E12,0.3112992810822223,0.9910099394576327
1.589261167626E12,0.31189406742563197,0.9896098016124132
1.589261167826E12,0.31249545680425034,0.9935645839196962
1.589261168023E12,0.3083690435134704,0.9939775200831905
1.589261168223E12,0.30656784076403015,0.9901713653668403
1.589261168424E12,0.30717223798154614,0.9911681316920576
1.589261168623E12,0.30538003822740667,0.9945419660419365
1.589261168821E12,0.3030364506728068,0.9931488640652859
1.589261169019E12,0.3065671851492942,0.9899444874633866
1.589261169219E12,0.31140617050017527,0.9879735971823105
1.589261169419E12,0.31680884293729084,0.9817684614633981
1.589261169618E12,0.31319750358827153,0.9779813375206295
1.589261169816E12,0.31854647434993083,0.9789632267365153
1.589261170016E12,0.3191406556316079,0.9799550340252887
1.589261170214E12,0.32154705046208054,0.9785619320486382
1.589261170413E12,0.3173714615818365,0.9771617942034186
1.589261170613E12,0.3203601511600464,0.9757616563581991
1.589261170812E12,0.3191232129834498,0.9791524446495344
1.589261171009E12,0.3191516096700553,0.9824923711164997
1.589261171208E12,0.3197533131507161,0.9834792193688292
1.589261171407E12,0.31375139073270314,0.9796920954260606
1.589261171606E12,0.3161727874195196,0.9806789436783901
1.589261171805E12,0.314951754333856,0.9792788058331706
1.589261172004E12,0.3107761654536119,0.9802656540855001
1.589261172203E12,0.31081029923724135,0.9764785301427314
1.589261172402E12,0.3090216956340756,0.9756426631504631
1.589261172601E12,0.30722977350604486,0.9736782544522924
1.5892611728E12,0.3083957265179304,0.974665102704622
1.589261173E12,0.30899711678411546,0.9732579289908335
1.589261173198E12,0.30958889617619423,0.9742398182067192
1.589261173397E12,0.3078002933934993,0.9752266664590489
1.589261173596E12,0.30839867582078667,0.976777508727326
1.589261173797E12,0.3084391012002826,0.9747993051290211
1.589261173995E12,0.3114094687563422,0.9781561855374431
1.589261174195E12,0.30962086597364724,0.9791430337897727
1.589261174393E12,0.3083998328879836,0.9801298820421024
1.589261174591E12,0.30843095972028217,0.9787367800654518
1.589261174791E12,0.3114280108232225,0.9725316443465396
1.589261174989E12,0.3102159656912409,0.9735135335624252
1.589261175188E12,0.31081075203465053,0.9673394235221074
1.589261175389E12,0.3132588241144534,0.9688999064146123
1.589261175587E12,0.3096715191381919,0.9669430878706742
1.589261175787E12,0.31027290940437696,0.9631369331543238
1.589261175985E12,0.30849329457536395,0.9569938487926006
1.589261176183E12,0.3090886709388872,0.9556007468159501
1.589261176382E12,0.3072964632372908,0.9565875950682797
1.589261176581E12,0.3102890345400401,0.9575744433206094
1.58926117678E12,0.3061098486883515,0.9561743054753897
1.589261176979E12,0.3043284539999759,0.952951730380249
1.589261177178E12,0.309693601415609,0.9486000575898526
1.589261177377E12,0.307904998632914,0.9424259475495348
1.589261177576E12,0.30555574329043883,0.9457997818994135
1.589261177775E12,0.30433139003896864,0.944399644054194
1.589261177975E12,0.30436188228842137,0.945955167910255
1.589261178173E12,0.30077457731215984,0.9439983493663169
1.589261178372E12,0.29898957150090943,0.9473721837161956
1.589261178571E12,0.2948067807303194,0.9483590319685251
1.589261178772E12,0.2905928310515874,0.9469448223861678
1.58926117897E12,0.2864382250300381,0.9479267116020534
1.589261179168E12,0.28171964628290186,0.9465336096254029
1.589261179369E12,0.2780660635232885,0.9432724181514183
1.589261179567E12,0.2804724592413279,0.9389403309662839
1.589261179766E12,0.2810708425561821,0.9351532070235153
1.589261179964E12,0.27985879742420045,0.9313851138543284
1.589261180164E12,0.27326324468269975,0.9323769211431019
1.589261180363E12,0.2738580310261094,0.9309767832978824
1.589261180562E12,0.27207663722792247,0.9295766454526628
1.589261180761E12,0.2678938393631704,0.9305634937049925
1.58926118096E12,0.27031523604998686,0.9267763697622239
1.589261181158E12,0.2667246027540244,0.9230082765930371
1.589261181357E12,0.2667590133432917,0.9216081387478176
1.589261181556E12,0.26553797936875373,0.9207722717555492
1.589261181755E12,0.26851975269858686,0.9211948491549276
1.589261181954E12,0.26673474688733645,0.919794711309708
1.589261182153E12,0.260168574050532,0.918958567480436
1.589261182352E12,0.2554256850125668,0.9151711660890075
1.589261182551E12,0.25125342363276,0.9113843195948989
1.58926118275E12,0.2542387938644271,0.9070332016361827
1.589261182949E12,0.2530177607787635,0.9104070359860614
1.589261183148E12,0.24883857492707492,0.9113938842383911
1.589261183347E12,0.2488729855163423,0.9123807324907206
1.589261183546E12,0.25003173663788186,0.908593608547952
1.589261183745E12,0.24825033574553282,0.9095804568002817
1.589261183945E12,0.2506864574830551,0.9033753210813694
1.589261184145E12,0.251844895390119,0.9091650903752667
1.589261184343E12,0.2500724824514519,0.9030220060135435
1.589261184542E12,0.2506672687948615,0.901621868168324
1.589261184742E12,0.2464742940273673,0.9026136754570975
1.58926118494E12,0.24469829121141776,0.9035955646729832
1.589261185138E12,0.2405400731768049,0.89745248031126
1.589261185338E12,0.24353324255520595,0.8936463255949096
1.589261185537E12,0.24652221688651066,0.8874722155545918
1.589261185735E12,0.24893193188279,0.883704122385405
1.589261185935E12,0.24713102098060657,0.8798979676690546
1.589261186134E12,0.24352300179739383,0.876110843726286
1.589261186334E12,0.24172181320200575,0.875267664028445
1.589261186533E12,0.23993680827832206,0.873303532167278
1.58926118673E12,0.23760193105129537,0.870118740624624
1.589261186929E12,0.23876096774640054,0.8633803597313551
1.589261187128E12,0.2369759619351501,0.8619802218861354
1.589261187327E12,0.23462310962123048,0.8605800840409159
1.589261187526E12,0.23816913159341394,0.8591799461956964
1.589261187725E12,0.23160655661562077,0.8625537805455751
1.589261187924E12,0.23164096720488814,0.8635406287979047
1.589261188123E12,0.22985568458799982,0.8621404909526852
1.589261188322E12,0.23101471957506742,0.8636913332209624
1.589261188521E12,0.22866546512015903,0.8665011735548935
1.58926118872E12,0.2268768623374641,0.865101035709674
1.589261188919E12,0.23042288430964755,0.8637008978644544
1.589261189119E12,0.23046362201605247,0.8646927051532279
1.589261189318E12,0.2292356717931377,0.8585185951129101
1.589261189517E12,0.22983405510799187,0.8523444850725923
1.589261189715E12,0.23280801963549594,0.8485763919034055
1.589261189915E12,0.22804387819952587,0.847169218189617
1.589261190114E12,0.22443226204486866,0.8457690803443975
1.589261190313E12,0.2196927004390378,0.8419819564016289
1.589261190512E12,0.21369409818683147,0.8405818185564093
1.589261190711E12,0.211909092375581,0.8367946946136408
1.589261190911E12,0.2101079046677597,0.8377865019024142
1.589261191109E12,0.20776763727896644,0.8387683911182998
1.589261191308E12,0.20415270007093583,0.840319233386577
1.589261191507E12,0.20475468124480126,0.8383551015254099
1.589261191705E12,0.2053500576083245,0.8345870083562231
1.589261191904E12,0.20117087175663595,0.8307998844134545
1.589261192103E12,0.20654322726658836,0.8246257743731368
1.589261192302E12,0.19941335124350731,0.8190153809001065
1.589261192501E12,0.19762807678051345,0.8122775542925011
1.5892611927E12,0.2011810150010737,0.8090547012026837
1.589261192899E12,0.20121514967357748,0.807090292504513
1.589261193098E12,0.1976002124655469,0.806254148675241
1.589261193297E12,0.19820219363941233,0.8019030307165249
1.589261193496E12,0.19880057606539217,0.8058411359193548
1.589261193695E12,0.19700837720012704,0.8062637133187333
1.589261193894E12,0.19704610795520103,0.8024765893759646
1.589261194093E12,0.1976411711042486,0.801076451530745
1.589261194293E12,0.19881374308052852,0.7996692778169565
1.589261194492E12,0.19702152828477004,0.798269139971737
1.58926119469E12,0.192302672731996,0.7968760379950864
1.58926119489E12,0.19346831252940577,0.7954688642812979
1.589261195089E12,0.19406309887281545,0.7964557125336276
1.589261195287E12,0.1994084576214113,0.7998125929420495
1.589261195488E12,0.19464791315688576,0.7960064382256992
1.589261195687E12,0.19593472574739612,0.7977335953163175
1.589261195885E12,0.19302266218285066,0.798321132744294
1.589261196083E12,0.19666799373216198,0.8018476553807543
1.589261196283E12,0.19556302802972025,0.8006118374528631
1.589261196482E12,0.1992267964985502,0.8017691847121605
1.589261196682E12,0.19755397634598232,0.8005333667842695
1.58926119688E12,0.20174873248448377,0.8022433532657712
1.589261197078E12,0.20780308491118166,0.8028364296721174
1.589261197277E12,0.20191890898981515,0.8039937769314148
1.589261197476E12,0.1954810115300277,0.8051511241907122
1.589261197675E12,0.19015775108997118,0.8015344992549113
1.589261197874E12,0.191441727404141,0.7979178743191104
1.589261198073E12,0.19510549587297096,0.7990752215784078
1.589261198272E12,0.19400248608959172,0.8026195549352543
1.589261198471E12,0.19050529626577434,0.8013899160970026
1.58926119867E12,0.1888380369511704,0.7977732911612017
1.589261198869E12,0.19250540239144484,0.79654365232295
1.589261199068E12,0.1943536432784584,0.8048619578748947
1.589261199267E12,0.1932434236216968,0.8065835759871433
1.589261199467E12,0.19636164922587596,0.8023845062037389
1.589261199665E12,0.19107459364953033,0.8011610464551268
1.589261199865E12,0.18460049050676816,0.802888203545745
1.589261200064E12,0.18167446817069044,0.8034815567890948
1.589261200263E12,0.18295484751341579,0.8046389040483922
1.589261200461E12,0.18423240391196707,0.8063549843399441
1.589261200661E12,0.18254905549927325,0.804554617564425
1.58926120086E12,0.1820100184414808,0.8057119648237224
1.589261201059E12,0.18272614825298145,0.8044823259854708
1.589261201258E12,0.18400320742990017,0.8032526871472191
1.589261201458E12,0.1852835867726255,0.8020230483089674
1.589261201656E12,0.18712793884093765,0.8007934094707156
1.589261201854E12,0.18545959269684534,0.7995699497221035
1.589261202053E12,0.18435631344366724,0.8007272969814008
1.589261202252E12,0.1838172763858748,0.8042716303382472
1.589261202451E12,0.1797561138364706,0.8054289775975446
1.58926120265E12,0.17387553488654864,0.804199338759293
1.589261202849E12,0.17277558234744622,0.8101306582136886
1.589261203048E12,0.17166564154270775,0.8160619776680842
1.589261203247E12,0.16873629733268522,0.8130096235852344
1.589261203446E12,0.17001667667541057,0.8117799847469828
1.589261203644E12,0.17366561403249767,0.8099922541454193
1.589261203844E12,0.17678715891360913,0.8087564362175282
1.589261204042E12,0.17862175674906577,0.807532976468916
1.589261204242E12,0.17214765442556743,0.8110951205461486
1.589261204441E12,0.17399200560631284,0.8069145015944003
1.589261204641E12,0.17048445486997446,0.8086416586850185
1.58926120484E12,0.1765352094363535,0.8121859920418649
1.589261205039E12,0.17542860268152974,0.8085693671060641
1.589261205237E12,0.17613524772997374,0.8049709161649155
1.589261205436E12,0.17320895510483333,0.8013542912291146
1.589261205637E12,0.17209482364552622,0.8001122942115839
1.589261205835E12,0.1727978717225257,0.8012638256555079
1.589261206033E12,0.17226412603289834,0.8000403659068956
1.589261206233E12,0.17299028688289236,0.8012035289815664
1.589261206432E12,0.17426734605981106,0.7999738901433147
1.589261206631E12,0.17611169812812322,0.798744251305063
1.58926120683E12,0.17977906356839768,0.8022885846619094
1.589261207028E12,0.18286734747683026,0.8034401161058334
1.589261207227E12,0.1817574205561999,0.8045974633651308
1.589261207426E12,0.178263827703827,0.8057548106244282
1.589261207624E12,0.1801053426765348,0.8092813332608886
1.589261207824E12,0.1808245863892777,0.8152424583406832
1.589261208023E12,0.1821082850773388,0.8193510625504808
1.589261208222E12,0.18577565051761327,0.8157344376146799
1.58926120842E12,0.18467128525541765,0.8163216982056528
1.58926120862E12,0.1841194854693153,0.8174848612803235
1.589261208819E12,0.1872264831029044,0.8186422085396209
1.589261209018E12,0.18612319651388728,0.8245735279940165
1.589261209217E12,0.19035121451394194,0.8233438891557648
1.589261209416E12,0.19345460722862956,0.8221142503175132
1.589261209615E12,0.19291197319939263,0.8232715975768105
1.589261209815E12,0.19363481388358003,0.8268337416540431
1.589261210014E12,0.19547916595189216,0.8232171167182423
1.589261210212E12,0.1967495063086672,0.8243686481621663
1.589261210412E12,0.19803631883218387,0.8284945088066865
1.589261210611E12,0.20170368515871587,0.8314751255962454
1.58926121081E12,0.20003671059720673,0.8302454867579936
1.589261211009E12,0.2066586318320616,0.83378982011484
1.589261211208E12,0.20498445538020654,0.8397211395692357
1.589261211407E12,0.20149418269364028,0.8408784868285331
1.589261211605E12,0.19858239511546885,0.8467800006575297
1.589261211805E12,0.19747022752268117,0.8527411257373243
1.589261212004E12,0.2011339959915111,0.8562854590941708
1.589261212203E12,0.20480136143178557,0.8598297924510171
1.589261212402E12,0.2013113655508572,0.8633741258078635
1.5892612126E12,0.20201774112950235,0.8621506660592514
1.589261212799E12,0.20147150218136398,0.8585340411234504
1.589261212998E12,0.20036850034544165,0.8668523466753951
1.589261213196E12,0.20107847289553132,0.8727538605043917
1.589261213396E12,0.19516501579597412,0.8763160045816244
1.589261213595E12,0.1970090904470305,0.8750863657433727
1.589261213794E12,0.2006800608062064,0.8810176851977684
1.589261213993E12,0.19901280149160244,0.886949004652164
1.589261214192E12,0.1984668472965589,0.8904933380090103
1.589261214391E12,0.19975082272185438,0.8898279700237098
1.58926121459E12,0.2010276050944428,0.8909850404460036
1.589261214789E12,0.1999209992271858,0.8891914075918044
1.589261214989E12,0.1982448589088113,0.892753551669037
1.589261215188E12,0.20008921097712346,0.8962978850258834
1.589261215387E12,0.20375657641739792,0.8950682461876317
1.589261215586E12,0.20265356663401865,0.9009995656420273
1.589261215785E12,0.2015433629077504,0.9045438989988738
1.589261215983E12,0.20519589634740767,0.9080704216353341
1.589261216183E12,0.2088816907597438,0.9092335847100049
1.589261216382E12,0.21015847313102465,0.9103909319693022
1.58926121658E12,0.21143241751913439,0.9121064574291738
1.589261216779E12,0.21271279774942645,0.9150867967700727
1.589261216978E12,0.21104887248473725,0.913857157931821
1.589261217178E12,0.21289300440437692,0.9174193020090536
1.589261217377E12,0.21360608351986976,0.9233506214634493
1.589261217576E12,0.21488979036424077,0.9221209826251976
1.589261217774E12,0.21854204699826016,0.9208975228765853
1.589261217973E12,0.22276646007941336,0.9220548701358827
1.589261218172E12,0.22405044434104016,0.9232122173951801
1.589261218371E12,0.2247668509581787,0.9267565507520265
1.58926121857E12,0.21892247605028356,0.9308476222361147
1.589261218769E12,0.21540467406089664,0.9314462364631576
1.589261218968E12,0.2196360122267579,0.9349905698200041
1.589261219167E12,0.22091639156948323,0.9409218892743997
1.589261219366E12,0.21742279871711037,0.9468532087287953
1.589261219565E12,0.2187031780598357,0.9527845281831909
1.589261219764E12,0.21464561248187602,0.9563288615400373
1.589261219963E12,0.2135390049077884,0.9556632167177331
1.589261220163E12,0.21482581913682647,0.9562623857764564
1.589261220362E12,0.21610619847955181,0.9550327469382047
1.58926122056E12,0.2155727222597233,0.9561842783821287
1.58926122076E12,0.21628531342443466,0.9555118998457045
1.589261220959E12,0.21813631804077832,0.9513318355184367
1.589261221157E12,0.2194138602878993,0.9501083757698244
1.589261221357E12,0.22252875750155846,0.9536705198470571
1.589261221556E12,0.21960606184786258,0.9500538949112562
1.589261221755E12,0.2232698303166925,0.9535982282681026
1.589261221953E12,0.21923314064751623,0.9523747685194904
1.589261222153E12,0.21628264461194677,0.955936912596723
1.589261222352E12,0.2175630239546721,0.9570942598560204
1.589261222551E12,0.21645641631228163,0.9540416289361671
1.58926122275E12,0.2153498104450246,0.9546349821795169
1.589261222948E12,0.21424515960926332,0.9557865136234409
1.589261223147E12,0.21258150521356084,0.9569438608827383
1.589261223346E12,0.21385856439047954,0.9581012081420357
1.589261223545E12,0.21808629763743936,0.9616455414988822
1.589261223744E12,0.22175726799661527,0.9651898748557285
1.589261223943E12,0.2254210285179883,0.9663472221150259
1.589261224142E12,0.22193463755596135,0.9722785415694215
1.589261224341E12,0.22320781412208324,0.9763865914935556
1.58926122454E12,0.22449179926996754,0.9793672082831144
1.589261224739E12,0.22816276168168648,0.9805245555424118
1.589261224937E12,0.23418309237099105,0.9793010957937995
1.589261225137E12,0.2349059322359146,0.9786292718818559
1.589261225337E12,0.23435413326907614,0.9792284409405791
1.589261225536E12,0.2356417145021474,0.9851597603949747
1.589261225735E12,0.2369148919545268,0.986317107654272
1.589261225934E12,0.23342490402105537,0.9850874688160203
1.589261226133E12,0.2341413106381939,0.9862448160753177
1.589261226332E12,0.23837264880405518,0.985015177237066
1.58926122653E12,0.23964659407973163,0.9909166910660627
1.58926122673E12,0.2427650882648353,0.9920798541407335
1.589261226929E12,0.24223299072175203,0.9908502153024817
1.589261227128E12,0.24589314717751848,0.9896205764642301
1.589261227326E12,0.24716709245319496,0.9955220902932268
1.589261227526E12,0.24549095213482044,0.9966852533678976
1.589261227725E12,0.2467713314775458,0.9954556145296459
1.589261227924E12,0.2480517108202711,0.9942259756913941
1.589261228122E12,0.2517039674542905,1.0001274895203909
1.589261228321E12,0.25059403971439626,1.001848830795636
1.58926122852E12,0.25244560158648033,1.0024421840389857
1.589261228718E12,0.25077004645788004,1.0012187242903734
1.589261228918E12,0.2544591683718618,1.002381887365044
1.589261229117E12,0.25152954824507573,1.0011522485267923
1.589261229316E12,0.2528135245592456,1.0046965818836389
1.589261229514E12,0.2511482282906902,1.006412384180514
1.589261229713E12,0.2500416223563373,1.0117794327819583
1.589261229913E12,0.2537207682831658,1.0135063124239165
1.589261230112E12,0.25261416234639744,1.0140999431159263
1.589261230311E12,0.2568339960132872,1.0176264657523868
1.589261230511E12,0.2581200415997643,1.018795444642431
1.58926123071E12,0.2570134348449406,1.0223397779992773
1.589261230909E12,0.25534978044923806,1.030658083551222
1.589261231108E12,0.25719440932318816,1.0318154308105194
1.589261231307E12,0.2584747877770392,1.031150062825219
1.589261231506E12,0.2573681819110898,1.0269691670364671
1.589261231705E12,0.2580843117225904,1.0257395281982153
1.589261231904E12,0.25515496840144225,1.0245098893599636
1.589261232103E12,0.2516541727724659,1.0310049253816467
1.589261232302E12,0.2505511718228011,1.0339855421712056
1.589261232501E12,0.25126757843993963,1.035142889430503
1.5892612327E12,0.25311193050825176,1.0363002366898004
1.589261232898E12,0.2561935667492321,1.0398267593262607
1.589261233097E12,0.2580376414002885,1.0457580787806562
1.589261233296E12,0.2569346395643662,1.0445284399424046
1.589261233494E12,0.26296216419655977,1.0480549625788649
1.589261233694E12,0.26424538063488945,1.0468191446509736
1.589261233893E12,0.2655293569490594,1.047976491910271
1.589261234092E12,0.26624216659475336,1.0515208252671175
1.58926123429E12,0.26276944965116383,1.0526723567110414
1.58926123449E12,0.2622215315896009,1.0538355197857123
1.589261234688E12,0.2634918798938328,1.0573620424221726
1.589261234888E12,0.2623797114134783,1.0638871615179146
1.589261235087E12,0.26070913282063446,1.0597065425661663
1.589261235286E12,0.26255708186039123,1.0608638898254636
1.589261235485E12,0.2662208503292211,1.0644082231823102
1.589261235685E12,0.2699066438539905,1.0685343612754905
1.589261235884E12,0.2730133576220515,1.0691277145188403
1.589261236083E12,0.2724674034270079,1.0702850617781376
1.589261236282E12,0.27557079614169555,1.0762163812325332
1.589261236481E12,0.27446086106717077,1.0827114172542163
1.58926123668E12,0.2709705965344989,1.078531075751128
1.589261236879E12,0.2728185455742556,1.0820754091079743
1.589261237078E12,0.27171193793055753,1.0909579855128704
1.589261237277E12,0.2753757072882618,1.0939380480167655
1.589261237476E12,0.27665968360243165,1.095095395276063
1.589261237674E12,0.2803122311935192,1.096811475567615
1.589261237874E12,0.2791928555064122,1.0974100897946577
1.589261238073E12,0.27808984572303297,1.098567437053955
1.589261238272E12,0.2793666280943138,1.1021117704108014
1.589261238469E12,0.2753474941681142,1.1056204823268756
1.589261238668E12,0.2795791091396134,1.109164815683722
1.589261238869E12,0.27845778373741725,1.1151557463889155
1.589261239067E12,0.27916775628750684,1.1234322514104484
1.589261239265E12,0.28100567428877016,1.1245837828543723
1.589261239464E12,0.27989906753394644,1.1257411301136697
1.589261239664E12,0.2806252283839404,1.1293032741909024
1.589261239863E12,0.2776886831724463,1.132847607547749
1.589261240062E12,0.2741986952389749,1.1363919409045953
1.589261240261E12,0.27013780215936956,1.1351623020663437
1.58926124046E12,0.2690500752964143,1.1410638158953403
1.589261240659E12,0.26849188887695447,1.1374290169648873
1.589261240858E12,0.2673852821221307,1.1361993781266357
1.589261241057E12,0.2686692584363006,1.134969739288384
1.589261241257E12,0.26755709084351287,1.1385318833656166
1.589261241456E12,0.2658795868900121,1.1420762167224632
1.589261241655E12,0.2677236615410685,1.1480075361768587
1.589261241853E12,0.26606556798332986,1.1491590676207826
1.589261242053E12,0.26495008022473554,1.1503222306954535
1.589261242252E12,0.26384014596826616,1.156253550149849
1.589261242451E12,0.2651238528126372,1.1645718557017937
1.589261242649E12,0.26639779808831365,1.1680983783382541
1.589261242849E12,0.26584960322111273,1.1716605224154868
1.589261243047E12,0.2694949347704241,1.1775620362444834
1.589261243247E12,0.2726203613760748,1.1787251993191543
1.589261243446E12,0.274464713444387,1.187043504871099
1.589261243643E12,0.2704455786977166,1.1887534913526008
1.589261243843E12,0.26749508259505134,1.1899163775902681
1.589261244042E12,0.26877905979678796,1.195283703028716
1.589261244241E12,0.27245003725012584,1.1964410502880134
1.589261244439E12,0.271341782348758,1.2047175553095462
1.589261244638E12,0.27500914778903246,1.2130358608614908
1.589261244838E12,0.28052995047834367,1.2165980049387237
1.589261245037E12,0.27998731644910674,1.22014233829557
1.589261245236E12,0.28365827886082573,1.2236866716524166
1.589261245434E12,0.2825572329439659,1.2224632119038041
1.589261245634E12,0.286243027356302,1.226025355981037
1.589261245834E12,0.28696227106904487,1.2247895380531457
1.589261246033E12,0.28642323401125247,1.2259468853124431
1.589261246232E12,0.2900870024800824,1.2294912186692895
1.589261246431E12,0.28898399269670316,1.2306485659285868
1.58926124663E12,0.29265135813697757,1.2318059131878842
1.589261246829E12,0.29393173747970297,1.2329632604471816
1.589261247028E12,0.29464786729120357,1.236507593804028
1.589261247227E12,0.2959249264681223,1.2376649410633254
1.589261247426E12,0.3025432507315327,1.2388222883226228
1.589261247625E12,0.30382363007425806,1.2447536077770183
1.589261247823E12,0.30510117232137907,1.2482801304134787
1.589261248023E12,0.30398900472859136,1.2470443124855874
1.589261248221E12,0.29994871808797047,1.2481958439295113
1.589261248421E12,0.2993972030549629,1.2493590070041822
1.58926124862E12,0.30068117936913286,1.2529033403610286
1.589261248818E12,0.3013875549477779,1.256429862997489
1.589261249017E12,0.3032283020971887,1.2575872102567864
1.589261249215E12,0.3039385520645342,1.2587387417007103
1.589261249415E12,0.3033992446493761,1.2652340551710535
1.589261249613E12,0.3046796248796682,1.2706013806095013
1.589261249812E12,0.30834699031994267,1.2789196861614462
1.589261250012E12,0.3096301988108154,1.282481830238679
1.589261250211E12,0.30853079394633764,1.2908001357906236
1.58926125041E12,0.30979753644541064,1.2925153838018353
1.589261250609E12,0.3129262841031255,1.300311773316904
1.589261250807E12,0.31182523736579487,1.3044025668063157
1.589261251007E12,0.30887474215069627,1.309799421033159
1.589261251207E12,0.3101615555604705,1.3109625841078298
1.589261251406E12,0.31621230129313505,1.3102966618368657
1.589261251604E12,0.31748985148640374,1.3090734795369134
1.589261251803E12,0.3205932450886581,1.3096668327802632
1.589261252003E12,0.3218800584984323,1.3156279578600576
1.589261252202E12,0.3213410214406399,1.3143983190218058
1.5892612524E12,0.3196724058267487,1.3107998680806574
1.589261252599E12,0.3239073409640545,1.3119572153399548
1.589261252799E12,0.3227951724823924,1.3112856682650147
1.589261252997E12,0.32825153133498447,1.3166229112410603
1.589261253197E12,0.3301023174703455,1.317786074315731
1.589261253396E12,0.33320903035083976,1.3213304076725774
1.589261253595E12,0.33505365922478986,1.3224877549318748
1.589261253793E12,0.3363312165135298,1.3283892687608716
1.589261253992E12,0.3322806701923932,1.3366657737824044
1.589261254191E12,0.33117183010125106,1.342626898862199
1.589261254389E12,0.3330133450739589,1.3437784303061229
1.589261254588E12,0.3366807105142334,1.3473227636629694
1.589261254787E12,0.33795388796661274,1.3508670970198158
1.589261254986E12,0.3440154413947823,1.3520244442791132
1.589261255186E12,0.34713366611008706,1.3507886263512219
1.589261255385E12,0.3446597397978753,1.3468310034014854
1.589261255583E12,0.33745490117328203,1.3428932680042602
1.589261255783E12,0.3379420500059728,1.3389157575020125
1.589261255982E12,0.3354642422108987,1.3397321067473744
1.58926125618E12,0.3348203971024885,1.3405443537352217
1.589261256381E12,0.33714359980246555,1.3413689074956123
1.58926125658E12,0.33524057068893076,1.3421852567409742
1.589261256779E12,0.3345860599591814,1.3459523086511727
1.589261256977E12,0.3345061957302524,1.3462008390717324
1.589261257177E12,0.3325871545758733,1.3470212905746086
1.589261257376E12,0.3301165557653072,1.3502246259175197
1.589261257574E12,0.329472710656897,1.3439118993277581
1.589261257774E12,0.32994933033927315,1.3471313318331963
1.589261257973E12,0.33169205116402506,1.3455606949810088
1.589261258172E12,0.3316051182852014,1.3463770442263707
1.589261258371E12,0.32731150610267307,1.3471933934717326
1.589261258569E12,0.32428934963591993,1.3432556580745076
1.589261258769E12,0.32716827048666464,1.3440761095773837
1.589261258968E12,0.3318586299687459,1.3401184866276472
1.589261259166E12,0.32646480247526305,1.3361807512304222
1.589261259364E12,0.3316922448714859,1.332243015833197
1.589261259564E12,0.3262462772633712,1.3282655053309493
1.589261259763E12,0.32673023335851115,1.3248721532341639
1.589261259962E12,0.3218690523678258,1.3227372455290254
1.58926126016E12,0.3188502160668793,1.3211745013243366
1.589261260359E12,0.3217178389826361,1.3172168783746
1.589261260559E12,0.3240327862189197,1.3162026197278656
1.589261260757E12,0.321010353835403,1.3140756046702255
1.589261260957E12,0.3190915894866618,1.3172950371756638
1.589261261156E12,0.3142340045785466,1.3133374142259273
1.589261261354E12,0.31833322471795783,1.3117746700212385
1.589261261553E12,0.3164301956044231,1.3125910192666004
1.589261261754E12,0.3139311696836128,1.313415573026991
