1.589260134029E12,0.06497665923659685,-0.02325011255963974
1.589260134228E12,0.06576123303437435,-0.0278104390602926
1.589260134427E12,0.061674406633072054,-0.03237076556094546
1.589260134626E12,0.06002328033130966,-0.0320596918625185
1.589260134826E12,0.05836385691245298,-0.03174705497967734
1.589260135024E12,0.05672102772778487,-0.02901408406511735
1.589260135224E12,0.06467851066030614,-0.03114938698080876
1.589260135423E12,0.06546308445808365,-0.030838313282381808
1.589260135622E12,0.06624765825586115,-0.032962939683494764
1.589260135821E12,0.06459653195409876,-0.03508756608460772
1.589260136019E12,0.0653771631699779,-0.032354595170047726
1.589260136218E12,0.0661617369677554,-0.029607821372080866
1.589260136417E12,0.06694631076553291,-0.029296747673653912
1.589260136615E12,0.06772694198141205,-0.02656377675909392
1.589260136814E12,0.06120441548056984,-0.026252703060666967
1.589260137014E12,0.05955328917880744,-0.02837732946177992
1.589260137213E12,0.057893865759950765,-0.0329605721760039
1.589260137412E12,0.058674496975829896,-0.035074522062538395
1.58926013761E12,0.05945907077360741,-0.03719914846365135
1.58926013781E12,0.0602475871532833,-0.03443857178227762
1.589260138009E12,0.06346786105060072,-0.03412749808385066
1.589260138208E12,0.06425243484837823,-0.033816424385423705
1.589260138407E12,0.06747270874569565,-0.03594105078653666
1.589260138608E12,0.07072534720479515,-0.038087030216806525
1.589260138806E12,0.06908251802012703,-0.03777751970279378
1.589260139005E12,0.06986709181790454,-0.04233784620344664
1.589260139204E12,0.06578026541660224,-0.04202677250501968
1.589260139403E12,0.06656483921437975,-0.044151398906132636
1.589260139602E12,0.06491371291261736,-0.04627602530724559
1.589260139801E12,0.060826886511315056,-0.05083635180789845
1.589260139999E12,0.059184057326646944,-0.0505268412938857
1.589260140199E12,0.059972573706322835,-0.047766264612511974
1.589260140398E12,0.06075714750410035,-0.04989089101362493
1.589260140596E12,0.05911431831943224,-0.05200484090015942
1.589260140796E12,0.05990283469910813,-0.05169220401731826
1.589260140994E12,0.06310692631553451,-0.051382693503305515
1.589260141193E12,0.06389150011331202,-0.048635919705338655
1.589260141391E12,0.062248670928643904,-0.053173329992420394
1.58926014159E12,0.06546894482596133,-0.06016935659261316
1.58926014179E12,0.06625351862373884,-0.0574225827946463
1.589260141988E12,0.06947379252105626,-0.05224010889713953
1.589260142188E12,0.06781436910219958,-0.05437541181283094
1.589260142386E12,0.06617153991753147,-0.05891282209991268
1.589260142585E12,0.06452041361576907,-0.05860174840148572
1.589260142784E12,0.06286928731400668,-0.05585497460351886
1.589260142984E12,0.06365780369368257,-0.05309439792214513
1.589260143182E12,0.0644384349095617,-0.052784887408132385
1.589260143383E12,0.06277071437361074,-0.05739104633592748
1.589260143582E12,0.06111958807184835,-0.059515672737040434
1.58926014378E12,0.06190021928772748,-0.06162962262357493
1.58926014398E12,0.0602407958688708,-0.06131698574073377
1.589260144179E12,0.061025369666648316,-0.06344161214184672
1.589260144377E12,0.06180600088252745,-0.06555556202838123
1.589260144577E12,0.06259451726220334,-0.06279498534700749
1.589260144775E12,0.06337514847808248,-0.06490893523354199
1.589260144974E12,0.06659542237539991,-0.06459786153511504
1.589260145174E12,0.06493599895654323,-0.06918110424933901
1.589260145373E12,0.06328487265478083,-0.06643433045137215
1.589260145571E12,0.06164204347011272,-0.06370135953681215
1.58926014577E12,0.059990917168350325,-0.068261686037465
1.589260145968E12,0.05592462758313497,-0.06795217552345226
1.589260146168E12,0.05181726436574572,-0.06519159884207852
1.589260146367E12,0.052601838163523235,-0.06244482504411166
1.589260146566E12,0.05095900897885512,-0.06455877493064616
1.589260146764E12,0.049307882677092726,-0.061812001132679296
1.589260146964E12,0.05499227865383376,-0.0639473040483707
1.589260147162E12,0.0509259890686184,-0.06363779353435796
1.589260147361E12,0.010303661174217493,-0.06819812003501081
1.58926014756E12,0.003781134673375283,-0.07032274643612377
1.58926014776E12,0.007017590851583743,-0.06756216975475003
1.589260147959E12,0.005374761666915632,-0.06725265924073728
1.589260148157E12,0.00859503556423305,-0.06694158554231033
1.589260148357E12,0.006943909262470654,-0.06906621194342329
1.589260148556E12,3.8860624654883484E-4,-0.07120151485911469
1.589260148756E12,-0.0012708171723078438,-0.07578475757333866
1.589260148955E12,-4.862433745303321E-4,-0.0730379837753718
1.589260149153E12,-0.002129072559198444,-0.07272847326135905
1.589260149353E12,-0.011132315373652833,-0.06996789657998531
1.589260149552E12,-0.010347741575875322,-0.07209252298109826
1.589260149751E12,-0.011998867877637718,-0.07178144928267131
1.589260149949E12,-0.01848861786340032,-0.07147193876865857
1.589260150149E12,-0.017700101483724428,-0.07360724168434998
1.589260150347E12,-0.01934293066839254,-0.07572119157088449
1.589260150547E12,-0.025898233684314362,-0.07540855468804332
1.589260150746E12,-0.027549359986076757,-0.07266178089007645
1.589260150945E12,-0.029200486287839153,-0.07722210739072931
1.589260151143E12,-0.030843315472507266,-0.08175951767781105
1.589260151342E12,-0.030058741674729755,-0.0814484439793841
1.589260151541E12,-0.029274167876952244,-0.08357307038049705
1.589260151739E12,-0.028493536661073113,-0.08084009946593705
1.589260151938E12,-0.03014466296283551,-0.08296472586705
1.589260152137E12,-0.029360089165057997,-0.08021795206908314
1.589260152336E12,-0.0334469155663603,-0.07990687837065619
1.589260152536E12,-0.032662341768582785,-0.07959580467222924
1.589260152734E12,-0.03187776797080527,-0.08172043107334219
1.589260152933E12,-0.03109319417302776,-0.08140935737491524
1.589260153132E12,-0.027872920275710342,-0.08353398377602819
1.589260153331E12,-0.029524046577472738,-0.08322291007760124
1.58926015353E12,-0.03361087297877504,-0.0853475364787142
1.589260153729E12,-0.032826299180997526,-0.08260076268074733
1.589260153928E12,-0.039348825681839734,-0.07741828878324056
1.589260154127E12,-0.04099995198360213,-0.07710721508481361
1.589260154326E12,-0.03777967808628471,-0.07436044128684674
1.589260154525E12,-0.0369951042885072,-0.07648506768795969
1.589260154724E12,-0.03377483039118978,-0.07617399398953274
1.589260154923E12,-0.032990256593412266,-0.07586292029110579
1.589260155122E12,-0.03464138289517466,-0.08042324679175865
1.589260155321E12,-0.03385680909739715,-0.0801121730933317
1.58926015552E12,-0.040379335598239356,-0.07492969919582493
1.589260155719E12,-0.03959476180046184,-0.07461862549739798
1.589260155918E12,-0.04124588810222424,-0.07430755179897103
1.589260156117E12,-0.04046131430444672,-0.07156077800100416
1.589260156316E12,-0.037241040407129306,-0.07368540440211711
1.589260156516E12,-0.036452524027453415,-0.07337276751927595
1.589260156714E12,-0.035671892811574284,-0.07548671740581045
1.589260156913E12,-0.03488731901379677,-0.0800470439064633
1.589260157112E12,-0.036538445315559165,-0.07730027010849644
1.589260157311E12,-0.043060971816401374,-0.07455349631052957
1.58926015751E12,-0.04714779821770368,-0.07424242261210262
1.58926015771E12,-0.05123462461900598,-0.07149564881413575
1.589260157909E12,-0.05044610823933009,-0.06873507213276202
1.589260158107E12,-0.056935858225092686,-0.06842556161874927
1.589260158306E12,-0.05615128442731517,-0.06811448792032232
1.589260158505E12,-0.05780241072907757,-0.06780341422189537
1.589260158704E12,-0.06188923713037987,-0.06992804062300832
1.589260158903E12,-0.058668963233062456,-0.07205266702412128
1.589260159103E12,-0.057880446853386565,-0.07663590973834525
1.589260159303E12,-0.059539870272243244,-0.07387533305697151
1.589260159502E12,-0.05875529647446573,-0.07356425935854456
1.589260159701E12,-0.060406422776228125,-0.07568888575965751
1.589260159899E12,-0.06447271236144347,-0.07295591484509752
1.589260160099E12,-0.06613213578030015,-0.06774739836519121
1.589260160297E12,-0.07019842536551552,-0.06501442745063121
1.589260160496E12,-0.06454245136865819,-0.06713905385174417
1.589260160695E12,-0.05645077727226096,-0.06682798015331722
1.589260160893E12,-0.06294052725802356,-0.06651846963930447
1.589260161094E12,-0.06706842729149975,-0.06866444906957433
1.589260161292E12,-0.0711347168767151,-0.061084557353919856
1.589260161491E12,-0.07765724337755732,-0.058337783555952996
1.58926016169E12,-0.0744369694802399,-0.053155309658446226
1.589260161889E12,-0.0785237958815422,-0.050408535860479366
1.589260162087E12,-0.0801666250662103,-0.047675564945919374
1.589260162286E12,-0.0793820512684328,-0.04980019134703233
1.589260162486E12,-0.08348941448582205,-0.0470396146656586
1.589260162684E12,-0.08513224367049016,-0.04430664375109861
1.589260162883E12,-0.09165477017133238,-0.04886697025175147
1.589260163082E12,-0.09087019637355487,-0.0436844963542447
1.589260163282E12,-0.09008562257577736,-0.04580912275535765
1.589260163481E12,-0.09174504599463404,-0.04549648587251649
1.58926016368E12,-0.09339617229639643,-0.04274971207454963
1.589260163879E12,-0.09261159849861893,-0.03756723817704286
1.589260164078E12,-0.09426272480038132,-0.042127564677695725
1.589260164278E12,-0.09347420842070543,-0.044262867593387135
1.589260164477E12,-0.09512533472246783,-0.04395179389496018
1.589260164675E12,-0.09676816390713594,-0.04121882298040019
1.589260164875E12,-0.09597964752746005,-0.0433541258960916
1.589260165074E12,-0.09763077382922244,-0.04547875229720455
1.589260165273E12,-0.09684620003144494,-0.04516767859877759
1.589260165472E12,-0.09849732633320733,-0.044856604900350636
1.589260165671E12,-0.10014845263496973,-0.042109831102383775
1.58926016587E12,-0.10423527903627203,-0.04423445750349673
1.589260166068E12,-0.10345464782039289,-0.04392494698948398
1.589260166267E12,-0.10267007402261538,-0.04604957339059693
1.589260166467E12,-0.10188155764293949,-0.04818487630628834
1.589260166665E12,-0.10110092642706035,-0.047875365792275595
1.589260166864E12,-0.09788065252974293,-0.05243569229292846
1.589260167062E12,-0.09710002131386379,-0.0569731025800102
1.589260167261E12,-0.103622547814706,-0.05422632878204334
1.58926016746E12,-0.1028379740169285,-0.05147955498407648
1.589260167659E12,-0.1044891003186909,-0.05116848128564952
1.589260167858E12,-0.11101162681953311,-0.05085740758722256
1.589260168057E12,-0.1102270530217556,-0.050546333888795605
1.589260168256E12,-0.1143138794230579,-0.05023526019036865
1.589260168455E12,-0.11109360552574048,-0.0523598865914816
1.589260168654E12,-0.11030903172796297,-0.04961311279351474
1.589260168853E12,-0.10952445793018546,-0.049302039095087784
1.589260169054E12,-0.10873199896861119,-0.048987839027832415
1.589260169252E12,-0.1103748281532793,-0.05110178891436691
1.589260169452E12,-0.10713837197507084,-0.05078915203152575
1.58926016965E12,-0.11118412474419925,-0.05048120470192721
1.589260169849E12,-0.11039560836452336,-0.05506444741615119
1.589260170048E12,-0.10961103456674585,-0.04988197351864442
1.589260170247E12,-0.10882646076896835,-0.052006599919757375
1.589260170447E12,-0.10559000459075989,-0.059037782432513924
1.589260170646E12,-0.10967683099206219,-0.05872670873408697
1.589260170844E12,-0.1113196601767303,-0.06326411902116871
1.589260171043E12,-0.1154064865780326,-0.06295304532274176
1.589260171241E12,-0.11462585536215346,-0.06264353480872902
1.589260171442E12,-0.11629357589810442,-0.062329334741473646
1.58926017164E12,-0.11793640508277253,-0.06444328462800815
1.58926017184E12,-0.12204376830016178,-0.06902652734223214
1.589260172038E12,-0.12611005788537713,-0.06871701682821939
1.589260172236E12,-0.12775288707004523,-0.06598404591365939
1.589260172435E12,-0.1245326131727278,-0.06567297221523244
1.589260172634E12,-0.1261837394744902,-0.06536189851680549
1.589260172833E12,-0.12296346557717276,-0.06261512471883862
1.589260173032E12,-0.12217889177939525,-0.06717545121949148
1.589260173231E12,-0.12870141828023746,-0.06930007762060443
1.58926017343E12,-0.13278824468153977,-0.06898900392217748
1.589260173629E12,-0.13443937098330216,-0.07111363032329043
1.589260173829E12,-0.13609879440215883,-0.0756968730375144
1.589260174027E12,-0.1353181631862797,-0.07296390212295441
1.589260174228E12,-0.13452964680660381,-0.07265126524011324
1.589260174427E12,-0.13863701002399306,-0.07233862835727208
1.589260174626E12,-0.13785243622621554,-0.07202755465884512
1.589260174825E12,-0.13950356252797794,-0.06684508076133835
1.589260175024E12,-0.1387229313120988,-0.06411210984677836
1.589260175223E12,-0.13793441493242292,-0.06624741276246976
1.589260175422E12,-0.14200070451763827,-0.06351444184790976
1.58926017562E12,-0.14365183081940067,-0.06807476834856262
1.589260175819E12,-0.14530295712116306,-0.06776369465013567
1.589260176017E12,-0.14694578630583116,-0.06987764453667017
1.589260176217E12,-0.1510531495232204,-0.069565007653829
1.589260176416E12,-0.1502685757254429,-0.07412533415448186
1.589260176615E12,-0.1543554021267452,-0.07381426045605491
1.589260176815E12,-0.15601482554560187,-0.07594956337174633
1.589260177014E12,-0.15523025174782434,-0.08050988987239918
1.589260177212E12,-0.15202616013139797,-0.08262383975893368
1.58926017741E12,-0.15366898931606607,-0.08231432924492094
1.589260177609E12,-0.15288441551828855,-0.08443895564603389
1.589260177808E12,-0.14966414162097114,-0.08656358204714684
1.589260178007E12,-0.14887956782319361,-0.08625250834871989
1.589260178206E12,-0.1456592939258762,-0.08107003445121312
1.589260178405E12,-0.1424390200285588,-0.08075896075278617
1.589260178604E12,-0.1440901463303212,-0.0780121869548193
1.589260178803E12,-0.14574127263208358,-0.07526541315685244
1.589260179002E12,-0.1498280990333859,-0.07739003955796539
1.589260179201E12,-0.1466078251360685,-0.07951466595907834
1.589260179402E12,-0.14581536617449423,-0.07674028639429774
1.589260179601E12,-0.14746649247625662,-0.07642921269587079
1.589260179798E12,-0.14910102454383045,-0.07612126536627224
1.589260179999E12,-0.15322892457730664,-0.07334688580149164
1.589260180197E12,-0.15002483296088026,-0.07061391488693164
1.589260180395E12,-0.1468207413444539,-0.07030440437291889
1.589260180596E12,-0.14848846188040485,-0.06753002480813829
1.589260180795E12,-0.14770388808262733,-0.06721895110971134
1.589260180992E12,-0.14692719944864657,-0.06932222448166737
1.589260181192E12,-0.15103456266603582,-0.06900958759882621
1.589260181392E12,-0.1502499888682583,-0.06626281380085934
1.589260181591E12,-0.15435735208564755,-0.06595017691801817
1.589260181791E12,-0.1511208959074391,-0.07053341963224216
1.589260181989E12,-0.15034420727345835,-0.07022547230264362
1.589260182187E12,-0.14712393337614094,-0.07722149890283639
1.589260182387E12,-0.14843365110949297,-0.07743342054825221
1.589260182584E12,-0.14731250237529014,-0.0776421633689868
1.589260182783E12,-0.1437442713208956,-0.07785302540617554
1.589260182982E12,-0.14504744046558085,-0.07806388744336429
1.589260183181E12,-0.1463506096102661,-0.08071044958009294
1.58926018338E12,-0.14278237855587156,-0.08092131161728168
1.589260183579E12,-0.14408554770055682,-0.08600357385355023
1.589260183778E12,-0.14295301674570218,-0.08865013599027888
1.589260183977E12,-0.14182048579084755,-0.0864252979279277
1.589260184177E12,-0.14313020352419958,-0.0890851593718761
1.589260184375E12,-0.1444268240802181,-0.091718422201385
1.589260184575E12,-0.14084066221650499,-0.09193034384680082
1.589260184775E12,-0.14704625954692216,-0.09214226549221664
1.589260184973E12,-0.15076634050348792,-0.0971989887222728
1.589260185172E12,-0.14963380954863328,-0.09497415065992162
1.589260185371E12,-0.15093697869331854,-0.09274931259757045
1.58926018557E12,-0.15708052005043155,-0.09053565462598487
1.589260185768E12,-0.15594798909557692,-0.08587511646409379
1.589260185968E12,-0.15480976703039637,-0.08363909831097704
1.589260186166E12,-0.15368292718586762,-0.08384890073993871
1.589260186367E12,-0.1549991935078864,-0.08160170249605637
1.589260186566E12,-0.15386666255303177,-0.0793768644337052
1.589260186765E12,-0.15029843149863722,-0.07958772647089395
1.589260186964E12,-0.15160160064332248,-0.0822342886076226
1.589260187162E12,-0.1480513003982465,-0.08729101183767875
1.589260187362E12,-0.14691307833306594,-0.085054993684562
1.589260187559E12,-0.15061437100197225,-0.082852515803742
1.589260187758E12,-0.1519175401466575,-0.07819197764185093
1.589260187957E12,-0.15565640939088268,-0.08083853977857958
1.589260188156E12,-0.15452387843602805,-0.08592080201484813
1.589260188355E12,-0.15339134748117342,-0.08613166405203687
1.589260188554E12,-0.15225881652631879,-0.08634252608922562
1.589260188753E12,-0.15112628557146415,-0.09142478832549417
1.589260188952E12,-0.14999375461660952,-0.09407135046222281
1.589260189151E12,-0.15129692376129478,-0.09671791259895146
1.58926018935E12,-0.15503579300551995,-0.09449307453660029
1.589260189549E12,-0.15390326205066532,-0.09226823647424912
1.58926018975E12,-0.1503171001869522,-0.09003221832113237
1.589260189949E12,-0.1564916695307173,-0.09267878045786102
1.589260190147E12,-0.15535913857586267,-0.09288964249504976
1.589260190346E12,-0.15422660762100804,-0.08822910433315868
1.589260190545E12,-0.1579654768652332,-0.08356856617126761
1.589260190744E12,-0.15683294591037858,-0.08377942820845635
1.589260190942E12,-0.15570610606584984,-0.08641269103796526
1.589260191142E12,-0.15701582379920187,-0.08907255248191365
1.589260191342E12,-0.16077348133108646,-0.09418035372439461
1.58926019154E12,-0.16207010188710497,-0.09923707695445076
1.58926019174E12,-0.16093187982192442,-0.10189693839839915
1.589260191937E12,-0.16222195178927618,-0.10210568121913374
1.589260192137E12,-0.1635316695226282,-0.10231760286454956
1.589260192335E12,-0.16240482967809947,-0.10495086569405847
1.589260192535E12,-0.1637145474114515,-0.10516278733947429
1.589260192733E12,-0.16501116796747,-0.1029491293678887
1.589260192932E12,-0.16631433711215526,-0.10315999140507745
1.589260193131E12,-0.16518180615730063,-0.1058065535418061
1.58926019333E12,-0.164049275202446,-0.11088881577807465
1.589260193529E12,-0.16291674424759137,-0.1135353779148033
1.589260193728E12,-0.16178421329273673,-0.11618194005153194
1.589260193927E12,-0.15821598223834218,-0.1212642022878005
1.589260194126E12,-0.15951915138302744,-0.11903936422544932
1.589260194325E12,-0.1583866204281728,-0.12168592636217797
1.589260194524E12,-0.16212548967239798,-0.12433248849890662
1.589260194723E12,-0.16342865881708324,-0.12210765043655544
1.589260194923E12,-0.15984249695337013,-0.11742369248490613
1.589260195122E12,-0.1587099659985155,-0.12250595472117468
1.589260195321E12,-0.16001313514320076,-0.1202811166588235
1.589260195521E12,-0.16375200438742593,-0.11805627859647233
1.589260195719E12,-0.1650551735321112,-0.11583144053412116
1.589260195917E12,-0.16392833368758244,-0.11846470336363006
1.589260196117E12,-0.16766720293180762,-0.1186755654008188
1.589260196315E12,-0.16897037207649288,-0.11888642743800755
1.589260196515E12,-0.16783215001131233,-0.12399422868048851
1.589260196714E12,-0.16913531915599758,-0.12420509071767726
1.589260196912E12,-0.1704319397120161,-0.12441489314663892
1.589260197112E12,-0.17174165744536812,-0.12462681479205474
1.589260197311E12,-0.1706091264905135,-0.12727337692878338
1.589260197509E12,-0.171905747046532,-0.1250597189571978
1.589260197709E12,-0.17077321609167737,-0.12283488089484663
1.589260197908E12,-0.16963499402649682,-0.12304680254026246
1.589260198106E12,-0.16850815418196807,-0.12083314456867687
1.589260198305E12,-0.16981132332665333,-0.1186083065063257
1.589260198504E12,-0.1686787923717987,-0.12125486864305435
1.589260198703E12,-0.16998196151648395,-0.12146573068024309
1.589260198902E12,-0.17615653086024904,-0.12167659271743184
1.589260199101E12,-0.1750239999053944,-0.11945175465508066
1.5892601993E12,-0.1811985692491595,-0.12209831679180931
1.589260199499E12,-0.18250173839384476,-0.12474487892853796
1.589260199698E12,-0.18380490753853002,-0.1249557409657267
1.589260199897E12,-0.1899794768822951,-0.12029520280383563
1.589260200096E12,-0.19128264602698036,-0.12050606484102437
1.589260200297E12,-0.19013873285147392,-0.1231792255921925
1.589260200494E12,-0.1890175841172711,-0.1233879684129271
1.589260200693E12,-0.18788505316241647,-0.12847023064919566
1.589260200892E12,-0.18675252220756183,-0.13355249288546422
1.589260201092E12,-0.18561430014238128,-0.13621235432941262
1.589260201291E12,-0.18691746928706654,-0.14129461656568118
1.589260201489E12,-0.18336716904199055,-0.14150441899464283
1.589260201688E12,-0.18710603828621572,-0.14171528103183156
1.589260201888E12,-0.1859735073313611,-0.1419261430690203
1.589260202086E12,-0.18727667647604634,-0.13726560490712922
1.589260202287E12,-0.18858639420939838,-0.13502958675401247
1.589260202485E12,-0.18988956335408363,-0.1303690485921214
1.589260202683E12,-0.1887627235095549,-0.12815539062053583
1.589260202883E12,-0.19007244124290693,-0.12591937246741908
1.589260203081E12,-0.18894560139837818,-0.1237057144958335
1.58926020328E12,-0.18781307044352355,-0.12635227663256215
1.589260203479E12,-0.18910969099954206,-0.1265620790615238
1.589260203678E12,-0.1904194087328941,-0.1292219405054722
1.589260203877E12,-0.18928687777803946,-0.13186850264220085
1.589260204076E12,-0.19059004692272472,-0.1369507648784694
1.589260204275E12,-0.19189321606740997,-0.13472592681611825
1.589260204474E12,-0.19319638521209523,-0.13980818905238682
1.589260204673E12,-0.19449955435678049,-0.14489045128865538
1.589260204872E12,-0.19580272350146574,-0.1402299131267643
1.589260205071E12,-0.197105892646151,-0.13800507506441315
1.589260205271E12,-0.19596767058097045,-0.1357690569112964
1.58926020547E12,-0.1972708397256557,-0.14085131914756496
1.589260205669E12,-0.19857400887034096,-0.1434978812842936
1.589260205868E12,-0.19744147791548633,-0.14858014352056217
1.589260206066E12,-0.19873809847150484,-0.14878994594952383
1.589260206265E12,-0.20247696771573,-0.15143650808625247
1.589260206465E12,-0.2062346252476146,-0.15654430932873342
1.589260206664E12,-0.20753779439229986,-0.15919087146546207
1.589260206862E12,-0.20883441494831836,-0.15455375309332925
1.589260207062E12,-0.2101441326816704,-0.15476567473874506
1.58926020726E12,-0.20901729283714165,-0.15739893756825396
1.58926020746E12,-0.21522289016755883,-0.16005879901220235
1.58926020766E12,-0.21408466810237828,-0.1651666002546833
1.589260207857E12,-0.21055229866662087,-0.16537534307541787
1.589260208056E12,-0.20698406761222632,-0.16315050501306672
1.589260208255E12,-0.2058515366573717,-0.16336136705025545
1.589260208454E12,-0.20472469681284294,-0.16114770907866988
1.589260208653E12,-0.20848235434472753,-0.16135963072408568
1.589260208852E12,-0.2073498233898729,-0.16400619286081433
1.589260209051E12,-0.20865299253455816,-0.1690884550970829
1.58926020925E12,-0.20752046157970352,-0.17173501723381154
1.589260209449E12,-0.2063879306248489,-0.16951017917146038
1.589260209648E12,-0.20525539966999426,-0.1648496410095693
1.589260209847E12,-0.20412286871513963,-0.16506050304675804
1.589260210046E12,-0.202990337760285,-0.1677070651834867
1.589260210244E12,-0.2042869583163035,-0.16791686761244834
1.589260210444E12,-0.20314873625112295,-0.1656808494593316
1.589260210644E12,-0.20690639378300754,-0.1658927711047474
1.589260210843E12,-0.2082095629276928,-0.17097503334101596
1.589260211042E12,-0.20464133187329825,-0.1736215954777446
1.589260211241E12,-0.2059445010179835,-0.17626815761447326
1.589260211439E12,-0.20481766117345476,-0.1764779600434349
1.589260211638E12,-0.2012494301190602,-0.17181742188154384
1.589260211838E12,-0.20011120805387966,-0.17202934352695964
1.589260212037E12,-0.19897867709902503,-0.17224020556414837
1.589260212236E12,-0.2027175463432502,-0.17732246780041694
1.589260212435E12,-0.19914931528885566,-0.17753332983760567
1.589260212634E12,-0.1955810842344611,-0.1753084917752545
1.589260212833E12,-0.19201285318006656,-0.17551935381244324
1.589260213032E12,-0.1933160223247518,-0.17573021584963197
1.589260213231E12,-0.197054891568977,-0.17837677798636062
1.589260213431E12,-0.19836460930232902,-0.17858869963177643
1.589260213627E12,-0.199648132681014,-0.18119536384684584
1.589260213828E12,-0.19850421950550756,-0.1789481656029635
1.589260214026E12,-0.19980084006152607,-0.1815814284324724
1.589260214225E12,-0.19866830910667144,-0.18422799056920106
1.589260214424E12,-0.19511800886159544,-0.18686125339870996
1.589260214623E12,-0.1939797867964149,-0.1846252352455932
1.589260214822E12,-0.19528295594110015,-0.18727179738232186
1.589260215021E12,-0.19415042498624552,-0.1899183595190505
1.58926021522E12,-0.1978892942304707,-0.19256492165577915
1.589260215419E12,-0.19675676327561606,-0.2000828839915876
1.58926021562E12,-0.1980664810089681,-0.19784686583847086
1.589260215818E12,-0.19693395005411346,-0.20292912807473942
1.589260216017E12,-0.19823711919879872,-0.20557569021146807
1.589260216216E12,-0.19466888814440417,-0.20822225234819672
1.589260216414E12,-0.19596550870042267,-0.20843205477715837
1.589260216614E12,-0.19482728663524213,-0.20864397642257418
1.589260216813E12,-0.19613045577992738,-0.21129053855930283
1.589260217012E12,-0.20230502512369247,-0.21150140059649156
1.58926021721E12,-0.20360164567971098,-0.2117112030254532
1.58926021741E12,-0.20246342361453043,-0.21681900426793416
1.589260217609E12,-0.2013308926596758,-0.22190126650420272
1.589260217808E12,-0.20506976190390097,-0.22698352874047129
1.589260218007E12,-0.20150153084950642,-0.23206579097673985
1.589260218206E12,-0.20279815140552493,-0.23469905380624875
1.589260218406E12,-0.20165992934034438,-0.23735891525019714
1.589260218604E12,-0.20296309848502964,-0.2424411774864657
1.589260218802E12,-0.2066831794415954,-0.24749790071652186
1.589260219001E12,-0.20798634858628065,-0.2525801629527904
1.589260219199E12,-0.2068595087417519,-0.25036650498120483
1.589260219399E12,-0.20572128667657136,-0.2554743062236858
1.589260219598E12,-0.20458875572171673,-0.2556851682608745
1.589260219797E12,-0.20102052466732218,-0.25589603029806324
1.589260219996E12,-0.20475939391154735,-0.25367119223571205
1.589260220194E12,-0.20605601446756586,-0.25388099466467373
1.589260220393E12,-0.20492348351271122,-0.2589632569009423
1.589260220592E12,-0.20622665265739648,-0.2664812192367508
1.589260220792E12,-0.20508843059221593,-0.2715890204792317
1.589260220992E12,-0.20395020852703538,-0.2742488819231801
1.589260221191E12,-0.20525337767172064,-0.27933114415944865
1.58926022139E12,-0.2016851466173261,-0.2819777062961773
1.589260221588E12,-0.20540522757389185,-0.28461096912568623
1.589260221787E12,-0.20914409681811702,-0.2872575312624149
1.589260221986E12,-0.2153186661618821,-0.2899040933991435
1.589260222185E12,-0.21418613520702748,-0.2925506555358722
1.589260222384E12,-0.21305360425217285,-0.2878901173739811
1.589260222584E12,-0.2119153821869923,-0.2905499788179295
1.589260222783E12,-0.21321855133167755,-0.29806794115373797
1.589260222982E12,-0.21695742057590273,-0.2958431030913868
1.58926022318E12,-0.21583058073137398,-0.2984763659208957
1.58926022338E12,-0.21224441886766088,-0.29868828756631155
1.589260223579E12,-0.21598328811188605,-0.2988991496035003
1.589260223778E12,-0.2172864572565713,-0.299110011640689
1.589260223976E12,-0.21373615701149531,-0.30416673487074514
1.589260224174E12,-0.21260931716696657,-0.30922345810080126
1.589260224374E12,-0.21636697469885116,-0.3069874399476845
1.589260224573E12,-0.21767014384353642,-0.3120697021839531
1.589260224773E12,-0.21653192177835587,-0.3122816238293689
1.589260224971E12,-0.22025200273492163,-0.31733834705942504
1.589260225169E12,-0.21912516289039288,-0.32239507028948117
1.589260225369E12,-0.22043488062374492,-0.3201590521363644
1.589260225568E12,-0.21930234966889028,-0.325241314372633
1.589260225767E12,-0.22304121891311546,-0.32788787650936163
1.589260225966E12,-0.22434438805780071,-0.32566303844701044
1.589260226166E12,-0.22565410579115275,-0.3283228998909588
1.589260226365E12,-0.2220858747367582,-0.3334051621272274
1.589260226564E12,-0.22338904388144346,-0.336051724263956
1.589260226763E12,-0.22712791312566863,-0.33382688620160483
1.589260226962E12,-0.22355968207127408,-0.3389091484378734
1.589260227161E12,-0.22729855131549925,-0.34399141067414196
1.58926022736E12,-0.2286017204601845,-0.3490736729104105
1.589260227559E12,-0.22503348940578996,-0.3517202350471392
1.589260227758E12,-0.22390095845093533,-0.3543667971838678
1.589260227956E12,-0.22277411860640658,-0.3545765996128295
1.589260228155E12,-0.22407728775109184,-0.35478746165001823
1.589260228355E12,-0.22538700548444388,-0.3598952628924992
1.589260228554E12,-0.22912587472866905,-0.36497752512876774
1.589260228753E12,-0.23286474397289422,-0.3700597873650363
1.589260228951E12,-0.23416136452891273,-0.37511651059509243
1.589260229149E12,-0.233034524684384,-0.37774977342460136
1.589260229348E12,-0.23677339392860916,-0.38283203566086993
1.589260229548E12,-0.2356351718634286,-0.38304395730628576
1.589260229746E12,-0.23208487161835262,-0.38325375973524745
1.589260229946E12,-0.23094664955317207,-0.3834656813806633
1.589260230144E12,-0.22981980970864332,-0.3860989442101722
1.589260230343E12,-0.2286872787537887,-0.38630980624736094
1.589260230543E12,-0.22999699648714073,-0.3865217278927768
1.589260230741E12,-0.22644669624206473,-0.3915784511228329
1.589260230941E12,-0.22286053437835163,-0.39668625236531385
1.589260231139E12,-0.22173369453382288,-0.39689605479427553
1.58926023134E12,-0.22551014035336692,-0.39956921554544367
1.589260231539E12,-0.22681330949805217,-0.3997800775826324
1.589260231738E12,-0.23055217874227735,-0.39999093961982113
1.589260231936E12,-0.22700187849720135,-0.40262420244933006
1.589260232136E12,-0.22341571663348825,-0.4052840638932784
1.589260232334E12,-0.2222888767889595,-0.4054938663222401
1.589260232533E12,-0.21872064573456496,-0.40570472835942883
1.589260232733E12,-0.220030363467917,-0.4010207704077795
1.58926023293E12,-0.21890921473371416,-0.40364073393006866
1.589260233131E12,-0.2226856605532582,-0.4063138946812368
1.589260233328E12,-0.22397573252060995,-0.40893385820352596
1.589260233528E12,-0.2228375104554294,-0.4164895992445395
1.589260233729E12,-0.2241537767774482,-0.4191627599957076
1.589260233927E12,-0.2206034765323722,-0.42179602282521655
1.589260234127E12,-0.22191319426572423,-0.4293517638662301
1.589260234323E12,-0.22559569864697113,-0.43195842808129953
1.589260234522E12,-0.22689886779165638,-0.4346049902180282
1.589260234722E12,-0.22576064572647583,-0.43726485166197654
1.58926023492E12,-0.22221034548139984,-0.43505119369039097
1.589260235119E12,-0.2210778145265452,-0.4352620557275797
1.589260235319E12,-0.21994528357169058,-0.44034431796384826
1.589260235518E12,-0.22370294110357516,-0.4405562396092641
1.589260235716E12,-0.22499956165959367,-0.4407660420382258
1.589260235916E12,-0.2263092793929457,-0.4409779636836416
1.589260236114E12,-0.2276058999489642,-0.44361122651315055
1.589260236314E12,-0.22891561768231625,-0.4413752083600338
1.589260236514E12,-0.22532945581860314,-0.43913919020691705
1.589260236713E12,-0.2241969248637485,-0.4417857523436457
1.589260236912E12,-0.22306439390889388,-0.44686801457991426
1.58926023711E12,-0.22920793526600686,-0.4446543566083287
1.589260237309E12,-0.2256397042116123,-0.44730091874505734
1.589260237509E12,-0.22694942194496434,-0.4499607801890057
1.589260237708E12,-0.2282525910896496,-0.45017164222619444
1.589260237907E12,-0.23199146033387477,-0.45038250426338317
1.589260238106E12,-0.23085892937902014,-0.448157666201032
1.589260238305E12,-0.2297263984241655,-0.45323992843730054
1.589260238504E12,-0.23102956756885076,-0.4534507904744893
1.589260238703E12,-0.22989703661399613,-0.45853305271075784
1.589260238902E12,-0.2385073060573011,-0.4611796148474865
1.589260239101E12,-0.23493907500290656,-0.4613904768846752
1.5892602393E12,-0.23380654404805193,-0.46403703902140386
1.589260239497E12,-0.2326853953138491,-0.46424578184213844
1.589260239697E12,-0.23155286435899447,-0.469328044078407
1.589260239896E12,-0.23041464229381392,-0.47198790552235537
1.589260240094E12,-0.22928780244928518,-0.4770446287524115
1.589260240293E12,-0.23302667169351035,-0.47969119088914014
1.589260240492E12,-0.23189414073865572,-0.4823377530258688
1.589260240691E12,-0.2356330099828809,-0.4825486150630575
1.589260240891E12,-0.23449478791770034,-0.48276053670847335
1.589260241089E12,-0.23094448767262435,-0.4853937995379823
1.589260241288E12,-0.22981195671776972,-0.48804036167471093
1.589260241488E12,-0.2262257948540566,-0.48825228332012677
1.589260241687E12,-0.2324003641978217,-0.4860274452577756
1.589260241887E12,-0.2316118478181458,-0.4888621595444763
1.589260242085E12,-0.23567813740336116,-0.48924506628776276
1.589260242285E12,-0.2397855006207504,-0.4896318407759309
1.589260242484E12,-0.2390009268229729,-0.4851452811925784
1.589260242683E12,-0.24065205312473528,-0.48309442170876576
1.589260242881E12,-0.23987142190885616,-0.47863040765095777
1.58926024308E12,-0.24152254821061855,-0.47657954816714515
1.58926024328E12,-0.24807785122654039,-0.4769663226553133
1.589260243478E12,-0.24729722001066126,-0.4725023085975053
1.589260243678E12,-0.24895664342951795,-0.4704411432871409
1.589260243876E12,-0.24817601221363883,-0.47324751043097457
1.589260244076E12,-0.24738749583396294,-0.47118634512061014
1.589260244276E12,-0.24660292203618542,-0.47157118573633744
1.589260244474E12,-0.2506897484374877,-0.47195602635206474
1.589260244671E12,-0.24991305980350695,-0.47233699922291034
1.58926024487E12,-0.25399988620480923,-0.47272183983863764
1.589260245069E12,-0.26052241270565146,-0.470670980354825
1.589260245268E12,-0.257302138808334,-0.4686201208710124
1.589260245467E12,-0.2565175650105565,-0.47387636168581954
1.589260245666E12,-0.25329729111323906,-0.4718255022020069
1.589260245865E12,-0.2598198176140813,-0.47464604291727414
1.589260246064E12,-0.2614709439158437,-0.47503088353300144
1.589260246264E12,-0.265557770317146,-0.47541572414872874
1.589260246462E12,-0.26233749641982856,-0.4733648646649161
1.589260246661E12,-0.2591172225225111,-0.4713140051811035
1.589260246861E12,-0.2583287061428352,-0.47414871946780424
1.589260247061E12,-0.26243606936022446,-0.4720875541574398
1.58926024726E12,-0.259215795462907,-0.474908094872707
1.589260247458E12,-0.26085862464757514,-0.4728675412154462
1.589260247657E12,-0.26250975094933754,-0.47812378203025335
1.589260247857E12,-0.2592732947711291,-0.4785105565184215
1.589260248056E12,-0.25848872097335157,-0.4788953971341488
1.589260248255E12,-0.26744694757373366,-0.4792802377498761
1.589260248454E12,-0.26666237377595614,-0.4821007784651433
1.589260248653E12,-0.26831350007771854,-0.4824856190808706
1.589260248852E12,-0.2650932261804011,-0.4779990594975181
1.589260249051E12,-0.2691800525817034,-0.4783839001132454
1.58926024925E12,-0.2683954787839259,-0.4787687407289727
1.589260249448E12,-0.2651913871674995,-0.4767281870717119
1.589260249647E12,-0.2619711132701821,-0.4698059273888195
1.589260249845E12,-0.26119048205430295,-0.4677653737315587
1.589260250045E12,-0.2579702081569855,-0.468150214347286
1.589260250243E12,-0.257185634359208,-0.46609935486347337
1.589260250442E12,-0.25640106056143047,-0.46404849537966075
1.589260250641E12,-0.25561648676365295,-0.46443333599538805
1.58926025084E12,-0.25726761306541535,-0.46238247651157544
1.58926025104E12,-0.2613749762828046,-0.4627692509997436
1.589260251238E12,-0.2702881866691144,-0.46315215774303004
1.589260251437E12,-0.2695036128713369,-0.4611012982592174
1.589260251636E12,-0.2711547391730993,-0.4566147386758649
1.589260251835E12,-0.2776772656739415,-0.45212817909251235
1.589260252036E12,-0.2793449862098925,-0.45497706695064655
1.589260252234E12,-0.2785643549940134,-0.455359973693933
1.589260252434E12,-0.28267171821140263,-0.450850868585036
1.589260252633E12,-0.2794514443140852,-0.4512357092007633
1.589260252832E12,-0.2811025706158476,-0.44674914961741075
1.58926025303E12,-0.2827453998005157,-0.44470859596014994
1.58926025323E12,-0.2844048232193724,-0.4426474306497855
1.589260253429E12,-0.2860559495211348,-0.4430322712655128
1.589260253626E12,-0.28286804018559947,-0.4410020234348039
1.589260253827E12,-0.28453576072155046,-0.4413907317954129
1.589260254026E12,-0.28618688702331285,-0.4417755724111402
1.589260254224E12,-0.287829716207981,-0.4397350187538794
1.589260254424E12,-0.28459326002977253,-0.44012179324204753
1.589260254623E12,-0.28624438633153493,-0.4380709337582349
1.589260254822E12,-0.2878955126332973,-0.4384557743739622
1.589260255019E12,-0.2895300447008711,-0.4340143058416987
1.589260255218E12,-0.29361687110217344,-0.4319634463578861
1.589260255417E12,-0.29770369750347575,-0.42747688677453355
1.589260255616E12,-0.2944834236061583,-0.43029742748980077
1.589260255815E12,-0.2936988498083808,-0.43068226810552807
1.589260256014E12,-0.29291427601060327,-0.42863140862171545
1.589260256213E12,-0.2970011024119056,-0.42901624923744275
1.589260256413E12,-0.3010879288132079,-0.43183678995270997
1.589260256611E12,-0.3027390551149703,-0.43222163056843727
1.58926025681E12,-0.3043901814167327,-0.43017077108462465
1.589260257009E12,-0.3060413077184951,-0.42811991160081203
1.589260257209E12,-0.30770073113735175,-0.4260587462904476
1.589260257408E12,-0.3044804572400343,-0.424007886806635
1.589260257607E12,-0.3036958834422568,-0.42195702732282236
1.589260257807E12,-0.30780324665964603,-0.41744792221392535
1.589260258005E12,-0.3070226154437669,-0.4178308289572118
1.589260258204E12,-0.3062380416459894,-0.4157799694733992
1.589260258402E12,-0.3078808708306575,-0.41616287621668563
1.589260258602E12,-0.30464441465244907,-0.4141017109063212
1.589260258801E12,-0.30629554095421146,-0.4120508514225086
1.589260259001E12,-0.30795496437306813,-0.41243762591067673
1.5892602592E12,-0.3047346904757507,-0.4103867664268641
1.589260259398E12,-0.30395405925987157,-0.41076967317015056
1.589260259597E12,-0.30316948546209405,-0.40871881368633795
1.589260259795E12,-0.3072357750473094,-0.40667826002907714
1.589260259996E12,-0.3039831365882099,-0.40952714788721134
1.589260260193E12,-0.3032064479542292,-0.40990812075805694
1.589260260392E12,-0.30242187415645166,-0.41029296137378424
1.589260260591E12,-0.306508700557754,-0.41067780198951154
1.58926026079E12,-0.3081598268595164,-0.41106264260523884
1.589260260989E12,-0.30737525306173885,-0.4090117831214262
1.589260261188E12,-0.30902637936350125,-0.4069609236376136
1.589260261387E12,-0.31067750566526364,-0.4097814643528808
1.589260261586E12,-0.31232863196702604,-0.41260200506814804
1.589260261785E12,-0.31397975826878843,-0.4105511455843354
1.589260261984E12,-0.31563088457055083,-0.4060645860009829
1.589260262183E12,-0.3172820108723132,-0.40157802641763035
1.589260262384E12,-0.32387009040331466,-0.39704637578318885
1.589260262583E12,-0.32552121670507705,-0.39986691649845607
1.589260262782E12,-0.32473664290729953,-0.4026874572137233
1.589260262981E12,-0.33125916940814176,-0.4030722978294506
1.58926026318E12,-0.3353459958094441,-0.39858573824609805
1.589260263378E12,-0.33456536459356495,-0.403815565790479
1.589260263577E12,-0.3410878910944072,-0.4042004064062063
1.589260263776E12,-0.3476104175952494,-0.4045852470219336
1.589260263975E12,-0.3492615438970118,-0.4049700876376609
1.589260264174E12,-0.3484769700992343,-0.4053549282533882
1.589260264374E12,-0.35013639351809095,-0.4008458231444912
1.589260264572E12,-0.3517792227027591,-0.40122872988777764
1.589260264771E12,-0.35343034900452147,-0.399177870403965
1.589260264971E12,-0.35021007510720403,-0.3995627110196923
1.58926026517E12,-0.3518694985260607,-0.3950536059107953
1.589260265367E12,-0.36314891339985284,-0.40507946158785924
1.589260265566E12,-0.36723573980115515,-0.39815720190496684
1.589260265765E12,-0.3664511660033776,-0.39854204252069414
1.589260265964E12,-0.3632308921060602,-0.39161978283780174
1.589260266163E12,-0.3673177185073625,-0.39200462345352904
1.589260266362E12,-0.3689688448091249,-0.38508236377063665
1.589260266561E12,-0.3706199711108873,-0.3805958041872841
1.58926026676E12,-0.36739969721356985,-0.3761092446039316
1.589260266959E12,-0.36661512341579233,-0.3764940852196589
1.589260267158E12,-0.3633948495184749,-0.37200752563630635
1.589260267357E12,-0.3626102757206974,-0.36995666615249373
1.589260267557E12,-0.36426969913955404,-0.3703434406406619
1.589260267756E12,-0.36835652554085635,-0.3634211809577695
1.589260267955E12,-0.36757195174307883,-0.3638060215734968
1.589260268155E12,-0.3667873779453013,-0.3568837618906044
1.589260268354E12,-0.36844680136415797,-0.3523746567817074
1.589260268552E12,-0.3700896305488261,-0.3527575635249938
1.589260268752E12,-0.37174905396768276,-0.35559227781169456
1.589260268951E12,-0.3758358803689851,-0.3608485186265017
1.589260269149E12,-0.3774787095536532,-0.36123142536978814
1.589260269349E12,-0.37913813297250987,-0.3591702600594237
1.589260269548E12,-0.37835355917473235,-0.3571194005756111
1.589260269746E12,-0.3775729279588532,-0.35023192611725584
1.589260269946E12,-0.38657617077330764,-0.3481707608068914
1.589260270145E12,-0.3857915969755301,-0.3485556014226187
1.589260270345E12,-0.3874510203943868,-0.34894237591078686
1.589260270541E12,-0.3866782743423044,-0.34932141490919166
1.58926027074E12,-0.38345800044498696,-0.34727055542537905
1.589260270939E12,-0.38267342664720944,-0.35009109614064626
1.589260271138E12,-0.38676025304851175,-0.34804023665683365
1.589260271337E12,-0.3859756792507342,-0.35086077737210086
1.589260271536E12,-0.3827554053534168,-0.34637421778874833
1.589260271735E12,-0.37953513145609935,-0.3443233583049357
1.589260271934E12,-0.38362195785740166,-0.344708198920663
1.589260272133E12,-0.38283738405962414,-0.3426573394368504
1.589260272332E12,-0.38448851036138654,-0.33817077985349786
1.589260272531E12,-0.38857533676268885,-0.3336842202701453
1.589260272732E12,-0.3877828778011146,-0.3316127491332291
1.58926027293E12,-0.3894257069857827,-0.3319956558765155
1.589260273129E12,-0.3910768332875451,-0.3299447963927029
1.589260273328E12,-0.3902922594897676,-0.3303296370084302
1.589260273527E12,-0.38951162827388847,-0.3282890833511694
1.589260273727E12,-0.39363952830736465,-0.3311379712093036
1.589260273926E12,-0.39529065460912705,-0.32665141162595107
1.589260274124E12,-0.39693348379379517,-0.3270343183692375
1.589260274324E12,-0.4010408470111844,-0.32742109285740567
1.589260274522E12,-0.40268367619585255,-0.3229570787995977
1.58926027472E12,-0.4067499657810679,-0.3184930647417896
1.589260274919E12,-0.4084010920828303,-0.3188779053575169
1.589260275118E12,-0.4100522183845927,-0.3168270458737043
1.589260275318E12,-0.4092637020049168,-0.31721382036187246
1.589260275517E12,-0.4109148283066792,-0.3200343610771397
1.589260275715E12,-0.4125576574913473,-0.3204172678204261
1.589260275914E12,-0.41908018399218955,-0.3183664083366135
1.589260276113E12,-0.42073131029395194,-0.31387984875326097
1.589260276312E12,-0.42238243659571434,-0.31426468936898827
1.589260276511E12,-0.4215978627979368,-0.30977812978563574
1.58926027671E12,-0.4232489890996992,-0.3052915702022832
1.589260276909E12,-0.4224644153019217,-0.3032407107184706
1.589260277108E12,-0.41924414140460425,-0.30118985123465797
1.589260277307E12,-0.42333096780590657,-0.29913899175084535
1.589260277506E12,-0.42498209410766896,-0.2946524321674928
1.589260277705E12,-0.42663322040943136,-0.2950372727832201
1.589260277904E12,-0.43072004681073367,-0.2929864132994075
1.589260278104E12,-0.4348274100281229,-0.29337318778757565
1.589260278303E12,-0.4340428362303454,-0.29619372850284287
1.589260278502E12,-0.43082256233302796,-0.29657856911857017
1.589260278701E12,-0.43004193111714883,-0.2969614758618566
1.5892602789E12,-0.4317013545360055,-0.2949003105514922
1.589260279098E12,-0.4333441837206736,-0.28801283609313694
1.589260279297E12,-0.4301239098233562,-0.2859619766093243
1.589260279497E12,-0.43178333324221285,-0.2839008112989599
1.589260279696E12,-0.4285630593448954,-0.27941425171560735
1.589260279894E12,-0.43020588852956354,-0.27737369805834655
1.589260280094E12,-0.4294173721498876,-0.2777604725465147
1.589260280293E12,-0.43350419855118993,-0.2708382128636223
1.589260280492E12,-0.4302839246538725,-0.27609445367842944
1.589260280691E12,-0.429499350856095,-0.27891499439369666
1.589260280889E12,-0.4311421800407631,-0.28172136153753036
1.589260281088E12,-0.4327933063425255,-0.27967050205371774
1.589260281287E12,-0.432008732544748,-0.2751839424703652
1.589260281486E12,-0.43122415874697045,-0.2780044831856324
1.589260281685E12,-0.43287528504873285,-0.2759536237018198
1.589260281884E12,-0.43209071125095533,-0.27146706411846727
1.589260282083E12,-0.43617753765225764,-0.26941620463465465
1.589260282282E12,-0.4353929638544801,-0.27223674534992187
1.589260282481E12,-0.4346083900567026,-0.27018588586610925
1.58926028268E12,-0.436259516358465,-0.27057072648183655
1.589260282879E12,-0.4379106426602274,-0.27339126719710377
1.589260283078E12,-0.43712606886244987,-0.276211807912371
1.589260283279E12,-0.4363336099008756,-0.2790606957705052
1.589260283477E12,-0.44282335988663823,-0.27944360251379163
1.589260283676E12,-0.44934588638748046,-0.2749570429304391
1.589260283874E12,-0.4582590967737903,-0.2729164892731783
1.589260284074E12,-0.46236645999117953,-0.2684073841642813
1.589260284273E12,-0.461581886193402,-0.2687922247800086
1.589260284472E12,-0.4607973123956245,-0.2691770653957359
1.589260284671E12,-0.4624484386973869,-0.26712620591192326
1.58926028487E12,-0.4640995649991493,-0.26751104652765056
1.589260285068E12,-0.4608954733827229,-0.267893953270937
1.589260285268E12,-0.45765901720451446,-0.26828072775910516
1.589260285466E12,-0.46172530678972984,-0.27108709490293886
1.589260285666E12,-0.47072854960418425,-0.26902592959257443
1.589260285865E12,-0.46994397580640673,-0.26941077020830173
1.589260286065E12,-0.4716033992252634,-0.2673496048979373
1.589260286262E12,-0.4732379312928372,-0.2629081363656738
1.589260286461E12,-0.4748890575945996,-0.25842157678232125
1.58926028666E12,-0.476540183896362,-0.25637071729850863
1.589260286859E12,-0.4781913101981244,-0.254319857814696
1.589260287058E12,-0.4822781365994267,-0.2522689983308834
1.589260287257E12,-0.47905786270210926,-0.2477824387475309
1.589260287456E12,-0.4831446891034116,-0.24329587916417839
1.589260287655E12,-0.4872315155047139,-0.2412450196803658
1.589260287854E12,-0.4937540420055561,-0.2416298602960931
1.589260288053E12,-0.4929694682077786,-0.2395790008122805
1.589260288253E12,-0.49462889162663526,-0.24241371509898121
1.589260288451E12,-0.4962717208113034,-0.24037316144172044
1.589260288651E12,-0.49793114423016005,-0.2407599359298886
1.58926028885E12,-0.5020179706314624,-0.2411447765456159
1.589260289048E12,-0.5036607998161304,-0.23668076248780787
1.589260289248E12,-0.5077681630335197,-0.23951547677450857
1.589260289447E12,-0.509419289335282,-0.23990031739023587
1.589260289647E12,-0.5110787127541387,-0.24028709187840402
1.589260289845E12,-0.5151450023393541,-0.23824653822114325
1.589260290044E12,-0.5167961286411165,-0.23619567873733066
1.589260290243E12,-0.5184472549428788,-0.23414481925351807
1.589260290442E12,-0.5152269810455614,-0.23209395976970548
1.589260290641E12,-0.5193138074468637,-0.22760740018635298
1.58926029084E12,-0.5258363339477059,-0.2304279409016202
1.589260291039E12,-0.5274874602494682,-0.2259413813182677
1.589260291237E12,-0.5291302894341363,-0.2239008276610069
1.589260291436E12,-0.5283457156363588,-0.2242856682767342
1.589260291635E12,-0.5275611418385813,-0.2197991086933817
1.589260291834E12,-0.5292122681403436,-0.220183949309109
1.589260292033E12,-0.5284276943425661,-0.21813308982529642
1.589260292232E12,-0.5300788206443284,-0.2136465302419439
1.589260292431E12,-0.5317299469460908,-0.2091599706585914
1.58926029263E12,-0.5333810732478531,-0.2095448112743187
1.589260292829E12,-0.5350321995496155,-0.209929651890046
1.589260293028E12,-0.5342476257518379,-0.2103144925057733
1.589260293227E12,-0.5383344521531402,-0.2058279329224208
1.589260293427E12,-0.5375459357734643,-0.20621470741058895
1.589260293626E12,-0.5367613619756868,-0.20659954802631625
1.589260293825E12,-0.5359767881779093,-0.20454868854250366
1.589260294023E12,-0.5400430777631247,-0.20493159528579014
1.589260294223E12,-0.5392545613834487,-0.2028704299754257
1.589260294422E12,-0.5409056876852111,-0.20569097069069292
1.589260294621E12,-0.5401211138874336,-0.20364011120688033
1.58926029482E12,-0.539336540089656,-0.20158925172306774
1.589260295019E12,-0.5434233664909583,-0.19710269213971524
1.589260295217E12,-0.5450661956756264,-0.1926386780819072
1.589260295417E12,-0.5467256190944831,-0.18812957297301022
1.589260295616E12,-0.5459410452967056,-0.19095011368827744
1.589260295815E12,-0.5500278716980079,-0.18889925420446485
1.589260296014E12,-0.5516789979997703,-0.19171979491973207
1.589260296213E12,-0.5508944242019927,-0.19210463553545937
1.589260296411E12,-0.5476903325855663,-0.19248754227874584
1.589260296609E12,-0.5493331617702344,-0.19287044902203232
1.589260296809E12,-0.5485446453905585,-0.19570516330873303
1.589260297007E12,-0.5501874745752265,-0.19366460965147225
1.589260297207E12,-0.5518468979940833,-0.18915550454257526
1.589260297406E12,-0.5534980242958456,-0.18954034515830256
1.589260297605E12,-0.5600205507966878,-0.18505378557495006
1.589260297804E12,-0.5568002768993704,-0.18543862619067736
1.589260298003E12,-0.553580003002053,-0.18825916690594457
1.589260298202E12,-0.5552311293038154,-0.18133690722305215
1.589260298401E12,-0.5568822556055777,-0.17928604773923956
1.589260298601E12,-0.5585416790244344,-0.17722488242887513
1.5892602988E12,-0.5577571052266569,-0.18004542314414235
1.589260298998E12,-0.559399934411325,-0.17800486948688157
1.589260299198E12,-0.5610593578301817,-0.17594370417651714
1.589260299397E12,-0.562710484131944,-0.17145714459316463
1.589260299596E12,-0.5619259103341665,-0.16697058500981213
1.589260299795E12,-0.5660127367354688,-0.16979112572507934
1.589260299994E12,-0.5700995631367711,-0.16530456614172684
1.589260300193E12,-0.5741863895380734,-0.16812510685699406
1.589260300392E12,-0.5758375158398358,-0.16607424737318147
1.589260300591E12,-0.5774886421415981,-0.15915198769028904
1.58926030079E12,-0.5815754685429004,-0.15710112820647645
1.589260300988E12,-0.588065218528663,-0.15748403494976293
1.589260301188E12,-0.5872767021489871,-0.15297492984086594
1.589260301386E12,-0.5797450026744406,-0.15751234012794768
1.589260301585E12,-0.5794823646122788,-0.16207266662860054
1.589260301784E12,-0.5816554266496569,-0.1617615929301736
1.589260301983E12,-0.581392788587495,-0.16145051923174664
1.589260302182E12,-0.5835658506248731,-0.1611394455333197
1.589260302381E12,-0.5833032125627112,-0.16082837183489274
1.58926030258E12,-0.5806048744010095,-0.15808159803692587
1.589260302779E12,-0.5803422363388476,-0.15777052433849892
1.589260302978E12,-0.5776438981771459,-0.15745945064007197
1.589260303177E12,-0.579816960214524,-0.15714837694164502
1.589260303376E12,-0.5771186220528223,-0.15683730324321807
1.589260303575E12,-0.5768559839906604,-0.1540905294452512
1.589260303774E12,-0.5765933459284985,-0.15377945574682425
1.589260303973E12,-0.5738950077667968,-0.15103268194885738
1.589260304173E12,-0.5736310499153779,-0.1531679848645488
1.589260304371E12,-0.5733697316424732,-0.15285847435053604
1.589260304571E12,-0.5706578339925217,-0.15744171706476
1.58926030477E12,-0.5703951959303598,-0.15956634346587298
1.589260304969E12,-0.5701325578681979,-0.16169096986698595
1.589260305168E12,-0.5674342197064962,-0.15894419606901908
1.589260305367E12,-0.5647358815447945,-0.16106882247013204
1.589260305565E12,-0.5693214840729842,-0.16318277235666653
1.589260305764E12,-0.5666231459112825,-0.16287169865823958
1.589260305963E12,-0.5663605078491206,-0.16499632505935255
1.589260306162E12,-0.5660978697869588,-0.1646852513609256
1.589260306361E12,-0.5707066319238767,-0.16924557786157846
1.589260306561E12,-0.5728906138709904,-0.16648500118020473
1.589260306759E12,-0.5750527559986329,-0.16617549066619197
1.589260306957E12,-0.5747914377257282,-0.1707129009532737
1.589260307157E12,-0.5794233594713744,-0.17040026407043254
1.589260307355E12,-0.5767385807979224,-0.17251421395696703
1.589260307554E12,-0.5789116428353005,-0.17220314025854008
1.589260307754E12,-0.5786476849838816,-0.17189050337569892
1.589260307952E12,-0.5759629063104297,-0.16915753246113893
1.589260308152E12,-0.5756989484590108,-0.17129283537683035
1.589260308351E12,-0.5778720104963889,-0.17341746177794332
1.589260308549E12,-0.5776106922234842,-0.1755314116644778
1.589260308749E12,-0.5797946741705978,-0.17521877478163664
1.589260308948E12,-0.579532036108436,-0.1749077010832097
1.589260309147E12,-0.5792693980462741,-0.17703232748432265
1.589260309346E12,-0.5741353597850325,-0.1815926539849755
1.589260309546E12,-0.5763193417321462,-0.18862383649773207
1.589260309744E12,-0.5760580234592414,-0.1883143259837193
1.589260309944E12,-0.5684502462122247,-0.18800168910087814
1.589260310143E12,-0.565751908050523,-0.192562015601531
1.589260310342E12,-0.5606178697892814,-0.19468664200264396
1.589260310541E12,-0.5627909318266595,-0.19681126840375693
1.58926031074E12,-0.5673996939635775,-0.1989358948048699
1.589260310939E12,-0.5647013558018757,-0.20106052120598286
1.589260311137E12,-0.5620165771284238,-0.19590408989087563
1.589260311337E12,-0.5593046794784723,-0.1931435132095019
1.589260311536E12,-0.5639134416153903,-0.19283243951107495
1.589260311734E12,-0.5660755837430328,-0.19494638939760944
1.589260311933E12,-0.5633772455813311,-0.1970710157987224
1.589260312131E12,-0.5631159273084263,-0.19676150528470965
1.58926031233E12,-0.5579818890471847,-0.19888613168582261
1.58926031253E12,-0.5601658709942984,-0.20102143460151403
1.589260312729E12,-0.5574675328325966,-0.20071036090308708
1.589260312927E12,-0.5572062145596919,-0.1979773899885271
1.589260313126E12,-0.55937927659707,-0.19766631629010015
1.589260313325E12,-0.5542452383358284,-0.1997909426912131
1.589260313525E12,-0.5490854008873444,-0.20192624560690453
1.589260313724E12,-0.5488227628251825,-0.2040508720080175
1.589260313922E12,-0.5485614445522777,-0.2013179010934575
1.589260314123E12,-0.5458359874140765,-0.20100370102620216
1.589260314321E12,-0.5455746691411717,-0.2006941905121894
1.589260314521E12,-0.5477586510882854,-0.19793361383081567
1.589260314719E12,-0.5450738724148334,-0.1976241033168029
1.589260314919E12,-0.5472578543619471,-0.19975940623249433
1.589260315117E12,-0.5494199964895896,-0.20187335611902882
1.589260315316E12,-0.5515930585269677,-0.20156228242060187
1.589260315516E12,-0.5464332210784837,-0.2012496455377607
1.589260315715E12,-0.543734882916782,-0.19606717164025395
1.589260315914E12,-0.5410365447550802,-0.195756097941827
1.589260316112E12,-0.5383517660816283,-0.193023127027267
1.589260316311E12,-0.5380891280194664,-0.19514775342837998
1.589260316511E12,-0.5402731099665801,-0.1948351165455388
1.58926031671E12,-0.5400104719044182,-0.19452404284711186
1.589260316909E12,-0.5373121337427165,-0.1942129691486849
1.589260317107E12,-0.5370508154698117,-0.1963269190352194
1.589260317306E12,-0.5367881774076498,-0.19601584533679245
1.589260317505E12,-0.5389612394450279,-0.1957047716383655
1.589260317703E12,-0.5386999211721232,-0.19297180072380551
1.589260317902E12,-0.5360015830104214,-0.19753212722445837
1.589260318101E12,-0.5308675447491799,-0.1947853534264915
1.589260318301E12,-0.530603586897761,-0.19692065634218292
1.589260318499E12,-0.5254953478237617,-0.19661114582817016
1.589260318698E12,-0.5203613095625201,-0.20117147232882301
1.589260318897E12,-0.5200986715003583,-0.20573179882947587
1.589260319096E12,-0.5222717335377364,-0.20054932493196911
1.589260319296E12,-0.5171118960892523,-0.20268462784766053
1.589260319496E12,-0.5168479382378335,-0.20237199096481936
1.589260319695E12,-0.5141496000761318,-0.20693231746547222
1.589260319894E12,-0.5163226621135099,-0.20662124376704527
1.589260320092E12,-0.5160613438406051,-0.211158654054127
1.589260320291E12,-0.5182344058779832,-0.21328328045523998
1.589260320491E12,-0.5179704480265643,-0.2129706435723988
1.58926032069E12,-0.5177078099644025,-0.21509526997351178
1.589260320889E12,-0.5174451719022406,-0.21721989637462474
1.589260321087E12,-0.5196073140298831,-0.21691038586061198
1.589260321287E12,-0.5217912959769968,-0.21414980917923826
1.589260321486E12,-0.5239643580143749,-0.21627443558035123
1.589260321685E12,-0.5334445203503727,-0.20622056148376464
1.589260321884E12,-0.5331818822882108,-0.20590948778533769
1.589260322084E12,-0.5255741050411942,-0.20559685090249652
1.589260322281E12,-0.5181184833391179,-0.2076894477598741
1.589260322479E12,-0.5227272454760359,-0.21224977426052696
1.589260322678E12,-0.522464607413874,-0.2119387005621
1.589260322879E12,-0.5197391502756727,-0.21900503898742035
1.589260323076E12,-0.5194791517920251,-0.2211083123593764
1.589260323276E12,-0.5143193143435411,-0.22079567547653522
1.589260323475E12,-0.5116209761818393,-0.22535600197718808
1.589260323673E12,-0.5137831183094819,-0.22504649146317532
1.589260323872E12,-0.51595618034686,-0.22717111786428829
1.589260324071E12,-0.5181292423842381,-0.22442434406632142
1.589260324271E12,-0.5178652845328192,-0.22411170718348025
1.589260324471E12,-0.5176013266814004,-0.22624701009917167
1.589260324669E12,-0.5149165480079484,-0.2259374995851589
1.589260324868E12,-0.5122182098462467,-0.22806212598627187
1.589260325068E12,-0.5119542519948278,-0.2277494891034307
1.589260325266E12,-0.5189633149235648,-0.22501651818887072
1.589260325466E12,-0.5211472968706785,-0.222255941507497
1.589260325665E12,-0.5208846588085166,-0.21950916770953013
1.589260325864E12,-0.515750620547275,-0.21676239391156327
1.589260326063E12,-0.5130522823855733,-0.21645132021313632
1.589260326262E12,-0.5103539442238716,-0.21370454641516945
1.589260326461E12,-0.5100913061617097,-0.2182648729158223
1.58926032666E12,-0.5098286680995479,-0.21795379921739536
1.589260326858E12,-0.5047204290255486,-0.22006774910392984
1.589260327057E12,-0.5044577909633867,-0.21732097530596298
1.589260327257E12,-0.5017458933134352,-0.2170083384231218
1.589260327454E12,-0.5014858948297876,-0.2118779496904141
1.589260327654E12,-0.49632605738130353,-0.21646119240463807
1.589260327852E12,-0.4960647391083988,-0.21857514229117256
1.589260328051E12,-0.495802101046237,-0.2158283684932057
1.58926032825E12,-0.4955394629840752,-0.21551729479477874
1.589260328449E12,-0.49284112482237347,-0.2176419211958917
1.589260328648E12,-0.49014278666067174,-0.21489514739792484
1.589260328848E12,-0.48743088901072024,-0.21213457071655112
1.589260329046E12,-0.4847461103372683,-0.21182506020253836
1.589260329245E12,-0.48204777217556655,-0.2090782864045715
1.589260329445E12,-0.48178381432414763,-0.20876564952173032
1.589260329645E12,-0.47907191667419613,-0.21579683203448688
1.589260329844E12,-0.48124497871157423,-0.21792145843559985
1.589260330043E12,-0.48341804074895234,-0.2176103847371729
1.589260330242E12,-0.4831554026867905,-0.21729931103874595
1.589260330441E12,-0.4804570645250888,-0.216988237340319
1.58926033064E12,-0.480194426462927,-0.21667716364189205
1.589260330838E12,-0.4847800289911168,-0.21636765312787928
1.589260331038E12,-0.47962019154263275,-0.21360707644650556
1.589260331237E12,-0.4769354128691808,-0.2132975659324928
1.589260331436E12,-0.47911939481629445,-0.21298492904965163
1.589260331635E12,-0.47885675675413264,-0.2151095554507646
1.589260331834E12,-0.48102981879151074,-0.21723418185187757
1.589260332033E12,-0.48076718072934893,-0.21935880825299053
1.589260332232E12,-0.4805045426671871,-0.2239191347536434
1.589260332431E12,-0.4802419046050253,-0.22360806105521644
1.589260332628E12,-0.47515946471826853,-0.2233001137256179
1.589260332828E12,-0.47244756706831703,-0.2254354166413093
1.589260333026E12,-0.46976278839486507,-0.22512590612729655
1.589260333226E12,-0.46705089074491357,-0.22481326924445538
1.589260333424E12,-0.4643661120714616,-0.21965683792934815
1.589260333623E12,-0.4616677739097599,-0.2193457642309212
1.589260333822E12,-0.46140513584759807,-0.22147039063203416
1.589260334021E12,-0.45870679768589634,-0.2187236168340673
1.589260334221E12,-0.4584428398344774,-0.22330685954829127
1.589260334419E12,-0.46060498196211996,-0.2229973490342785
1.589260334618E12,-0.45790664380041823,-0.22512197543539147
1.589260334819E12,-0.455181186662217,-0.22234759587061087
1.589260335017E12,-0.4549198683893123,-0.2220380853565981
1.589260335217E12,-0.457103850336426,-0.2192775086752244
1.589260335416E12,-0.4592769123738041,-0.22627353527541716
1.589260335614E12,-0.4614390545014466,-0.22354056436085717
1.589260335814E12,-0.4587271568514951,-0.223227927478016
1.589260336013E12,-0.4584645187893333,-0.22535255387912898
1.589260336212E12,-0.4557661806276316,-0.22991288037978183
1.58926033641E12,-0.45550486235472687,-0.22960336986576907
1.58926033661E12,-0.45279296470477537,-0.2317386727814605
1.589260336808E12,-0.45253164643187066,-0.23142916226744772
1.589260337008E12,-0.44737180898338663,-0.23356446518313914
1.589260337206E12,-0.4422635699093874,-0.23083149426857916
1.589260337404E12,-0.4420022516364827,-0.2353689045556609
1.589260337604E12,-0.4441862335835964,-0.23505626767281973
1.589260337803E12,-0.44392359552143457,-0.2371808940739327
1.589260338001E12,-0.43881535644743536,-0.23687138355991993
1.5892603382E12,-0.44098841848481346,-0.23656030986149298
1.589260338401E12,-0.43826296134661225,-0.23870628929176285
1.589260338598E12,-0.43559174216141006,-0.2408095626637189
1.589260338797E12,-0.4328934039997083,-0.24049848896529194
1.589260338996E12,-0.4301950658380066,-0.23775171516732507
1.589260339195E12,-0.4299324277758448,-0.2350049413693582
1.589260339394E12,-0.42479838951460314,-0.23469386767093126
1.589260339593E12,-0.4245357514524413,-0.2319470938729644
1.589260339792E12,-0.4242731133902795,-0.23407172027407736
1.589260339992E12,-0.4191132759417955,-0.2337590833912362
1.58926034019E12,-0.41400503686779627,-0.23344957287722343
1.58926034039E12,-0.41618901881490994,-0.2306889961958497
1.589260340589E12,-0.4159263807527481,-0.22550652229834295
1.589260340787E12,-0.41324160207929617,-0.2300439325854247
1.589260340987E12,-0.41297764422787725,-0.23462717529964866
1.589260341185E12,-0.4102928655544253,-0.2343176647856359
1.589260341386E12,-0.4075674084162241,-0.23400346471838054
1.589260341585E12,-0.40486907025452235,-0.2288209908208738
1.589260341784E12,-0.40704213229190045,-0.22607421702290692
1.589260341982E12,-0.40678081401899574,-0.22334124610834694
1.589260342182E12,-0.4065168561675768,-0.22302860922550577
1.58926034238E12,-0.4062555378946721,-0.222719098711493
1.58926034258E12,-0.4133353994388509,-0.22240646182865184
1.589260342779E12,-0.41063706127714916,-0.21965968803068497
1.589260342976E12,-0.407965842091947,-0.2241741821041956
1.589260343175E12,-0.4028318038307053,-0.22629880850530856
1.589260343374E12,-0.4001334656690036,-0.22842343490642153
1.589260343573E12,-0.3998708276068418,-0.2305480613075345
1.589260343772E12,-0.39960818954467997,-0.23267268770864746
1.589260343971E12,-0.4017812515820581,-0.23723301420930032
1.58926034417E12,-0.40151861351989626,-0.23205054031179356
1.589260344369E12,-0.40125597545773445,-0.23417516671290653
1.589260344568E12,-0.40099333739557264,-0.2362997931140195
1.589260344767E12,-0.3982949992338709,-0.23598871941559255
1.589260344968E12,-0.3980297215931949,-0.2381346988458624
1.589260345166E12,-0.3929214825191957,-0.23782518833184965
1.589260345366E12,-0.38776164507071165,-0.24240843104607362
1.589260345565E12,-0.3850633069090099,-0.23966165724810676
1.589260345764E12,-0.3823649687473082,-0.2369148834501399
1.589260345963E12,-0.37723093048606654,-0.24147520995079275
1.589260346162E12,-0.3745325923243648,-0.2411641362523658
1.589260346361E12,-0.3718342541626631,-0.23598166235485904
1.58926034656E12,-0.37157161610050127,-0.23323488855689217
1.589260346759E12,-0.37374467813787937,-0.23292381485846522
1.589260346957E12,-0.3710598994644274,-0.23261430434445246
1.589260347156E12,-0.3732329615018055,-0.23717463084510532
1.589260347356E12,-0.370521063851854,-0.23686199396226415
1.589260347555E12,-0.3702584257896922,-0.2365509202638372
1.589260347754E12,-0.3699957877275304,-0.23623984656541025
1.589260347953E12,-0.3697331496653686,-0.2359287728669833
1.589260348151E12,-0.3670483709919166,-0.2380427227535178
1.589260348349E12,-0.3619401319179174,-0.24015667264005228
1.589260348548E12,-0.3592417937562157,-0.24715269924024505
1.589260348747E12,-0.35654345559451395,-0.24927732564135802
1.589260348946E12,-0.3538451174328122,-0.2562733522415508
1.589260349146E12,-0.3511332197828607,-0.2608565949557748
1.589260349344E12,-0.3460249807088615,-0.2581236240412148
1.589260349543E12,-0.3457623426466997,-0.2578125503427878
1.589260349742E12,-0.34306400448499796,-0.25750147664436085
1.589260349941E12,-0.347672766621916,-0.2596261030454738
1.58926035014E12,-0.34497442846021426,-0.2593150293470468
1.58926035034E12,-0.34226253081026276,-0.25900239246420564
1.589260350539E12,-0.3371284925490211,-0.25869131876577867
1.589260350738E12,-0.3344301543873194,-0.2583802450673517
1.589260350937E12,-0.33416751632515757,-0.2580691713689247
1.589260351136E12,-0.33390487826299575,-0.26019379777003765
1.589260351335E12,-0.33364224020083394,-0.2623184241711506
1.589260351534E12,-0.33581530223821204,-0.2620073504727236
1.589260351734E12,-0.330655464789728,-0.264142653388415
1.589260351932E12,-0.3352410673179178,-0.2638331428744023
1.589260352131E12,-0.334978429255756,-0.26108636907643545
1.58926035233E12,-0.32984439099451435,-0.2607752953780085
1.589260352529E12,-0.33201745303189245,-0.2628999217791214
1.589260352727E12,-0.33175613475898774,-0.26501387166565593
1.589260352928E12,-0.3265704981232613,-0.2597793126033501
1.589260353127E12,-0.3287435601606394,-0.2594682389049231
1.589260353324E12,-0.33089478237854636,-0.25916029157532455
1.589260353523E12,-0.33063214431638455,-0.2564135177773577
1.589260353722E12,-0.3279338061546828,-0.25123104387985096
1.589260353921E12,-0.3301068681920609,-0.2533556702809639
1.58926035412E12,-0.3298442301298991,-0.2530445965825369
1.589260354319E12,-0.32227449176911754,-0.2502978227845701
1.589260354518E12,-0.3195761536074158,-0.24998674908614313
1.589260354717E12,-0.3168778154457141,-0.254547075586796
1.589260354917E12,-0.31906179739282775,-0.25178649890542226
1.589260355115E12,-0.3163770187193758,-0.24905352799086228
1.589260355314E12,-0.31367868055767406,-0.2463067541928954
1.589260355515E12,-0.3084930439219476,-0.2435323746281148
1.589260355714E12,-0.3082304058597858,-0.24565700102922777
1.589260355912E12,-0.3103925479874283,-0.245347490515215
1.589260356112E12,-0.312576529934542,-0.24748279343090643
1.58926035631E12,-0.30504483045999553,-0.24959674331744092
1.589260356509E12,-0.3023464922982938,-0.25172136971855386
1.589260356707E12,-0.30450863442593634,-0.25383531960508837
1.589260356908E12,-0.3042433567852603,-0.25598129903535827
1.589260357105E12,-0.3039833583016127,-0.2580845724073143
1.589260357306E12,-0.29879772166588625,-0.25777037234005895
1.589260357505E12,-0.30097078370326436,-0.2598949987411719
1.589260357703E12,-0.30070946543035965,-0.25958548822715916
1.589260357904E12,-0.3029043672872089,-0.2592712881599038
1.589260358103E12,-0.30264172922504706,-0.26383161466055666
1.589260358301E12,-0.2999705100398449,-0.2611124466294035
1.589260358498E12,-0.29970919176694016,-0.2608029361153908
1.589260358697E12,-0.29701085360523843,-0.2604918624169638
1.589260358896E12,-0.2943125154435367,-0.257745088618997
1.589260359095E12,-0.2940498773813749,-0.25743401492057
1.589260359294E12,-0.28891583912013324,-0.25955864132168294
1.589260359493E12,-0.2862175009584315,-0.25924756762325596
1.589260359692E12,-0.2835191627967298,-0.2638078941239088
1.589260359891E12,-0.28325652473456797,-0.25862542022640206
1.58926036009E12,-0.2854295867719461,-0.2558786464284352
1.589260360289E12,-0.28273124861024435,-0.2531318726304684
1.589260360488E12,-0.28246861054808253,-0.2552564990315813
1.589260360689E12,-0.2797431534098813,-0.2524821194668007
1.589260360887E12,-0.27705837473642936,-0.24732568815169348
1.589260361086E12,-0.27679573667426755,-0.25188601465234634
1.589260361285E12,-0.2775769700833371,-0.24670354075483958
1.589260361484E12,-0.27835820349240664,-0.24882816715595255
1.589260361684E12,-0.27424748310043656,-0.25096347007164393
1.589260361882E12,-0.2750247907134807,-0.25307741995817845
1.589260362081E12,-0.27580602412255023,-0.2527663462597515
1.589260362281E12,-0.27903912312617785,-0.2524537093769103
1.589260362479E12,-0.2773929703386747,-0.2545676592634448
1.589260362677E12,-0.27817027795171884,-0.25183468834888484
1.589260362877E12,-0.27650749735828134,-0.25396999126457626
1.589260363077E12,-0.2797244308668908,-0.2560946176656892
1.589260363276E12,-0.2780616502734533,-0.25578198078284803
1.589260363475E12,-0.27884288368252286,-0.2603423072835009
1.589260363672E12,-0.2747938240964323,-0.26003435995390234
1.589260363871E12,-0.2755750575055019,-0.25972328625547536
1.58926036407E12,-0.27392059081503156,-0.2545408123579686
1.589260364269E12,-0.26983042402502133,-0.25179403856000176
1.589260364468E12,-0.2730473575336308,-0.2539186649611147
1.589260364667E12,-0.2713928908431605,-0.25117189116314786
1.589260364866E12,-0.27217412425223003,-0.2508608174647209
1.589260365065E12,-0.2729553576612996,-0.2529854438658338
1.589260365265E12,-0.2737405168663946,-0.26001662637859035
1.589260365463E12,-0.2720943640788915,-0.26213057626512487
1.589260365662E12,-0.27043989738842117,-0.25938380246715803
1.589260365862E12,-0.2663291769964511,-0.26396704518138203
1.589260366061E12,-0.2646747103059808,-0.2612202713834152
1.58926036626E12,-0.2654559437150503,-0.26334489778452813
1.58926036646E12,-0.26134522332308024,-0.2605843211031544
1.589260366658E12,-0.26212253093612436,-0.26512173139023615
1.589260366857E12,-0.2629037643451939,-0.2672463577913491
1.589260367057E12,-0.26613686334882153,-0.26448578110997534
1.589260367256E12,-0.2644823966583512,-0.26417470741154836
1.589260367454E12,-0.2628362438708481,-0.2638651968975356
1.589260367653E12,-0.26605317737945755,-0.2611184230995688
1.589260367852E12,-0.2668344107885271,-0.2608073494011418
1.589260368051E12,-0.2651799440980568,-0.26049627570271483
1.58926036825E12,-0.26839687760666625,-0.26018520200428785
1.589260368449E12,-0.26674241091619594,-0.2671812286044806
1.589260368647E12,-0.26994317892978725,-0.26929517849101514
1.589260368846E12,-0.265853012139777,-0.26898410479258816
1.589260369045E12,-0.26663424554884657,-0.2662373309946213
1.589260369244E12,-0.26497977885837626,-0.26592625729619435
1.589260369443E12,-0.2657610122674458,-0.2631794834982275
1.589260369642E12,-0.26654224567651535,-0.26286840979980053
1.589260369841E12,-0.26488777898604504,-0.2601216360018337
1.58926037004E12,-0.26323331229557473,-0.26224626240294663
1.589260370239E12,-0.2591431455055645,-0.2594994886049798
1.589260370438E12,-0.2574886788150942,-0.2591884149065528
1.589260370637E12,-0.25583421212462387,-0.25644164110858597
1.589260370836E12,-0.25417974543415356,-0.25369486731061913
1.589260371037E12,-0.2549688304352741,-0.2533806672433638
1.589260371236E12,-0.25818576394388354,-0.2530695935449368
1.589260371434E12,-0.2565396111563804,-0.25276008303092407
1.589260371633E12,-0.25732084456544996,-0.2524490093324971
1.589260371833E12,-0.2605539435690776,-0.2570322520467211
1.589260372031E12,-0.2589161046845416,-0.2591355254186771
1.589260372229E12,-0.2548259378945314,-0.25882445172025015
1.589260372428E12,-0.2531714712040611,-0.2609490781213631
1.589260372627E12,-0.25638840471267055,-0.2606380044229361
1.589260372827E12,-0.2571735639177656,-0.26032536754009494
1.589260373027E12,-0.2579587231228606,-0.26735655005285147
1.589260373226E12,-0.25873603073590473,-0.2646235791382915
1.589260373424E12,-0.2546458639458945,-0.2643125054398645
1.589260373623E12,-0.2529913972554242,-0.26400143174143753
1.589260373822E12,-0.25377263066449374,-0.26369035804301055
1.58926037402E12,-0.24970301747644336,-0.26580430792954507
1.589260374219E12,-0.24561285068643313,-0.267928934330658
1.589260374418E12,-0.2463940840955027,-0.26518216053269117
1.589260374617E12,-0.24230391730549247,-0.2648710868342642
1.589260374816E12,-0.24308515071456205,-0.26699571323537713
1.589260375015E12,-0.23899498392455182,-0.26912033963649007
1.589260375214E12,-0.2397762173336214,-0.2688092659380631
1.589260375413E12,-0.23568605054361116,-0.2684981922396361
1.589260375612E12,-0.23403158385314082,-0.26818711854120914
1.589260375811E12,-0.23237711716267048,-0.2654403447432423
1.58926037601E12,-0.23315835057174006,-0.26756497114435523
1.589260376209E12,-0.23150388388126972,-0.2721252976450081
1.589260376409E12,-0.2298411032878322,-0.2718126607621669
1.589260376608E12,-0.23062233669690177,-0.2690658869642001
1.589260376807E12,-0.23140357010597135,-0.271190513365313
1.589260377006E12,-0.229749103415501,-0.2684437395673462
1.589260377205E12,-0.23053033682457058,-0.26569696576937935
1.589260377404E12,-0.22887587013410024,-0.2678215921704923
1.589260377603E12,-0.2272214034436299,-0.2675105184720653
1.589260377802E12,-0.22800263685269948,-0.26963514487317825
1.589260378001E12,-0.23365527046084886,-0.2644526709756715
1.5892603782E12,-0.22956510367083863,-0.26901299747632434
1.589260378398E12,-0.23034241128388272,-0.2687034869623116
1.589260378597E12,-0.2359950448920321,-0.26595671316434477
1.589260378796E12,-0.23677627830110168,-0.26320993936637793
1.589260378996E12,-0.23511349770766415,-0.2604493626850042
1.589260379194E12,-0.23104388451961377,-0.2577163917704442
1.589260379393E12,-0.23426081802822324,-0.26227671827109705
1.589260379592E12,-0.23504205143729281,-0.26440134467221
1.589260379791E12,-0.23095188464728258,-0.264090270973783
1.58926037999E12,-0.23173311805635216,-0.25890779707627626
1.589260380189E12,-0.23251435146542174,-0.2610324234773892
1.589260380388E12,-0.2308598847749514,-0.25584994957988244
1.589260380587E12,-0.23164111818402097,-0.25553887588145546
1.589260380786E12,-0.22755095139401074,-0.2552278021830285
1.589260380985E12,-0.2234607846040005,-0.25004532828552173
1.589260381184E12,-0.22180631791353017,-0.24486285438801497
1.589260381383E12,-0.22258755132259975,-0.24455178068958802
1.589260381583E12,-0.2233727105276948,-0.24423914380674686
1.589260381781E12,-0.22172655774019165,-0.2439296332927341
1.589260381981E12,-0.21761583734822154,-0.24116905661136037
1.58926038218E12,-0.21839707075729112,-0.24085798291293342
1.589260382379E12,-0.2143069039672809,-0.24054690921450647
1.589260382578E12,-0.21021673717727066,-0.24510723571515933
1.589260382777E12,-0.20612657038726043,-0.24236046191719246
1.589260382975E12,-0.20690387800030452,-0.2468978722042742
1.589260383175E12,-0.20524941130983418,-0.24415109840630733
1.589260383374E12,-0.20358663071639665,-0.24628640132199875
1.589260383573E12,-0.20436786412546623,-0.24353962752403188
1.589260383773E12,-0.2027050835320287,-0.2456749304397233
1.589260383971E12,-0.20590585154562005,-0.25021234072680504
1.58926038417E12,-0.20181568475560982,-0.2499012670283781
1.589260384368E12,-0.2025929923686539,-0.2520152169149126
1.589260384567E12,-0.2033742257777235,-0.2541398433160255
1.589260384766E12,-0.20415545918679306,-0.25870016981667837
1.589260384965E12,-0.20006529239678283,-0.25595339601871153
1.589260385163E12,-0.19599567920873245,-0.25806734590524605
1.589260385363E12,-0.19922877821236007,-0.2577547090224049
1.589260385562E12,-0.19513861142234984,-0.25500793522443804
1.589260385761E12,-0.1934841447318795,-0.25469686152601106
1.58926038596E12,-0.2015724784395688,-0.2519500877280442
1.589260386159E12,-0.20235371184863837,-0.25163901402961725
1.589260386358E12,-0.20313494525770795,-0.2537636404307302
1.589260386556E12,-0.2063357132712993,-0.2510306695161702
1.589260386757E12,-0.2071247982724198,-0.2482562899513896
1.589260386955E12,-0.2079021058854639,-0.24794677943737684
1.589260387154E12,-0.20868333929453348,-0.24763570573894989
1.589260387354E12,-0.20946849849962854,-0.2522189484531739
1.589260387553E12,-0.2078140318091582,-0.2519078747547469
1.589260387752E12,-0.20859526521822777,-0.25403250115585985
1.589260387949E12,-0.20695742633369182,-0.2537245538262613
1.58926038815E12,-0.20774651133481234,-0.2558705332565312
1.589260388349E12,-0.20852774474388192,-0.25312375945856436
1.589260388548E12,-0.20687327805341157,-0.2528126857601374
1.589260388747E12,-0.21009021156202104,-0.2525016120617104
1.589260388946E12,-0.21087144497109062,-0.2521905383632834
1.589260389144E12,-0.2116487525841347,-0.25430448824981794
1.589260389343E12,-0.20999428589366437,-0.2564291146509309
1.589260389542E12,-0.20833981920319403,-0.2561180409525039
1.589260389742E12,-0.2066770386097565,-0.25580540406966273
1.58926038994E12,-0.2074543462228006,-0.25791935395619725
1.589260390138E12,-0.20338473303475021,-0.26003330384273177
1.589260390338E12,-0.2017219524413127,-0.257272727161358
1.589260390536E12,-0.20249926005435678,-0.2569632166473453
1.589260390736E12,-0.19838853966238668,-0.2590985195630367
1.589260390935E12,-0.20160547317099614,-0.2587874458646097
1.589260391134E12,-0.20725810677914552,-0.2560406720666429
1.589260391333E12,-0.20560364008867518,-0.2557295983682159
1.589260391532E12,-0.20394917339820484,-0.26028992486886876
1.58926039173E12,-0.19987956021015446,-0.259980414354856
1.589260391931E12,-0.1957482862162245,-0.25966621428760067
1.58926039213E12,-0.19409381952575416,-0.2593551405891737
1.589260392329E12,-0.19487505293482374,-0.2590440668907467
1.589260392528E12,-0.1932205862443534,-0.26360439339139957
1.589260392727E12,-0.19400181965342297,-0.2632933196929726
1.589260392925E12,-0.1899322064653726,-0.2654072695795071
1.589260393125E12,-0.18826942587193507,-0.2675425724951985
1.589260393324E12,-0.18661495918146473,-0.26966719889631147
1.589260393522E12,-0.18981572719505607,-0.271781148782846
1.589260393721E12,-0.19303266070366554,-0.2739057751839589
1.589260393921E12,-0.18892194031169546,-0.27114519850258517
1.58926039412E12,-0.18726747362122512,-0.2708341248041582
1.589260394318E12,-0.1880447812342692,-0.27052461429014546
1.589260394518E12,-0.18882994043936427,-0.277555796802902
1.589260394716E12,-0.1920307084529556,-0.274822825888342
1.589260394914E12,-0.19038455566545245,-0.272089854973782
1.589260395114E12,-0.18627383527348235,-0.27177721809094085
1.589260395313E12,-0.18705506868255192,-0.269030444292974
1.589260395511E12,-0.18298545549450154,-0.2687209337789613
1.58926039571E12,-0.1813309888040312,-0.2708455601800742
1.589260395909E12,-0.17967652211356086,-0.27053448648164724
1.589260396108E12,-0.17802205542309052,-0.2677877126836804
1.589260396308E12,-0.18125515442671813,-0.2723709553979044
1.589260396507E12,-0.1796006877362478,-0.27449558179901734
1.589260396705E12,-0.1803779953492919,-0.27660953168555186
1.589260396905E12,-0.18116315455438695,-0.2738489550041781
1.589260397104E12,-0.17707298776437672,-0.27110218120621127
1.589260397304E12,-0.1754102071709392,-0.2683416045248375
1.589260397503E12,-0.18106284077908857,-0.2655948307268707
1.589260397701E12,-0.18426360879267992,-0.26528532021285794
1.5892603979E12,-0.18748054230128938,-0.2601028463153512
1.5892603981E12,-0.18581776170785186,-0.25734226963397744
1.589260398299E12,-0.18416329501738152,-0.25703119593555046
1.589260398498E12,-0.1849445284264511,-0.2615915224362033
1.589260398697E12,-0.18329006173598075,-0.25640904853869656
1.589260398896E12,-0.1816355950455104,-0.2560979748402696
1.589260399093E12,-0.18240897686252902,-0.25579002751067104
1.589260399294E12,-0.18073788236612431,-0.2579360069409409
1.589260399493E12,-0.18395481587473378,-0.25518923314297404
1.589260399692E12,-0.17986464908472355,-0.2500067592454673
1.589260399889E12,-0.1782268102001876,-0.2521100326174233
1.589260400089E12,-0.18145990920381522,-0.25179739573458215
1.589260400287E12,-0.17739029601576484,-0.25391134562111667
1.589260400487E12,-0.17327957562379476,-0.25849458833534067
1.589260400686E12,-0.17406080903286433,-0.2581835146369137
1.589260400885E12,-0.1748420424419339,-0.26030814103802663
1.589260401084E12,-0.17562327585100349,-0.26243276743913957
1.589260401282E12,-0.17640058346404758,-0.2596997965245796
1.589260401481E12,-0.17718181687311715,-0.2618244229256925
1.58926040168E12,-0.18283445048126654,-0.26151334922726555
1.58926040188E12,-0.1836196096863616,-0.26609659194148955
1.589260402079E12,-0.17952944289635137,-0.2633498181435227
1.589260402278E12,-0.18274637640496083,-0.26303874444509573
1.589260402478E12,-0.18597947540858845,-0.26272610756225456
1.589260402677E12,-0.1891964089171979,-0.2599793337642877
1.589260402876E12,-0.1899776423262675,-0.2572325599663209
1.589260403075E12,-0.19319457583487695,-0.2569214862678939
1.589260403274E12,-0.1915401091444066,-0.25661041256946693
1.589260403473E12,-0.18988564245393627,-0.25873503897057987
1.589260403672E12,-0.19066687586300585,-0.2608596653716928
1.589260403871E12,-0.1890124091725355,-0.26298429177280574
1.589260404069E12,-0.18736625638503235,-0.26509824165934026
1.589260404269E12,-0.18325553599306227,-0.26968148437356426
1.589260404468E12,-0.18160106930259193,-0.2718061107746772
1.589260404667E12,-0.1775109025125817,-0.2714950370762502
1.589260404866E12,-0.17585643582211136,-0.27118396337782325
1.589260405063E12,-0.17662981763912997,-0.26605357464511553
1.589260405262E12,-0.18228245124727935,-0.26574250094668855
1.589260405461E12,-0.180627984556809,-0.2605600270491818
1.58926040566E12,-0.18384491806541847,-0.25781325325121496
1.58926040586E12,-0.1870780170690461,-0.2599485561669064
1.589260406059E12,-0.18785925047811566,-0.26450888266755923
1.589260406257E12,-0.1862130976906125,-0.2641993721535465
1.589260406456E12,-0.18455863100014216,-0.25901689825603974
1.589260406655E12,-0.18290416430967182,-0.2660129248562325
1.589260406855E12,-0.18368932351476688,-0.26570028797339135
1.589260407054E12,-0.18204317072726373,-0.26296731705883136
1.589260407252E12,-0.1828244041363333,-0.2602205432608645
1.589260407453E12,-0.18361348913745382,-0.25498598419855867
1.589260407651E12,-0.18681425715104516,-0.24982955288345143
1.589260407851E12,-0.18759941635614022,-0.2470689762020777
1.589260408048E12,-0.18596157747160427,-0.24676102887247917
1.589260408249E12,-0.18429048297519957,-0.2464468288052238
1.589260408448E12,-0.18263601628472922,-0.24613575510679686
1.589260408647E12,-0.18098154959425888,-0.24338898130883
1.589260408845E12,-0.17933539680675573,-0.24065601039427
1.589260409045E12,-0.1776726162133182,-0.2378954337128963
1.589260409243E12,-0.17360300302526782,-0.23758592319888353
1.589260409443E12,-0.1719402224318303,-0.23972122611457494
1.589260409643E12,-0.1678295020398602,-0.23940858923173378
1.589260409841E12,-0.16860680965290428,-0.24152253911826826
1.589260410039E12,-0.1645371964648539,-0.2412130286042555
1.589260410237E12,-0.16046758327680352,-0.24090351809024274
1.589260410436E12,-0.15881311658633318,-0.2405924443918158
1.589260410636E12,-0.15959827579142824,-0.24027980750897462
1.589260410834E12,-0.16279904380501958,-0.23997029699496186
1.589260411033E12,-0.16114457711454924,-0.24453062349561472
1.589260411232E12,-0.1643615106231587,-0.24665524989672769
1.589260411431E12,-0.16270704393268837,-0.24877987629784065
1.58926041163E12,-0.16348827734175794,-0.2484688025994137
1.589260411829E12,-0.1569624104522078,-0.24085062860236703
1.589260412028E12,-0.15530794376173745,-0.24053955490394008
1.589260412227E12,-0.15121777697172722,-0.2377927811059732
1.589260412427E12,-0.1495549963782897,-0.24237602382019718
1.589260412627E12,-0.15034015558338476,-0.23961544713882346
1.589260412826E12,-0.15112138899245434,-0.24174007353993643
1.589260413025E12,-0.149466922301984,-0.23899329974196956
1.589260413224E12,-0.15511955591013338,-0.24111792614308253
1.589260413423E12,-0.15590078931920295,-0.24567825264373538
1.589260413622E12,-0.15668202272827253,-0.25023857914438824
1.58926041382E12,-0.15745933034131662,-0.25235252903092276
1.589260414019E12,-0.15580486365084628,-0.2520414553324958
1.589260414218E12,-0.15415871086334312,-0.2541554052190303
1.589260414417E12,-0.15494387006843818,-0.25384276833618913
1.589260414616E12,-0.15328940337796784,-0.25596739473730207
1.589260414815E12,-0.15407063678703742,-0.2556563210388751
1.589260415014E12,-0.154851870196107,-0.25778094743998803
1.589260415214E12,-0.15563702940120205,-0.2550203707586143
1.589260415412E12,-0.15641433701424615,-0.2571343206451488
1.58926041561E12,-0.15719164462729024,-0.2544013497305888
1.589260415809E12,-0.15797287803635982,-0.25409027603216183
1.589260416008E12,-0.15631841134588947,-0.25621490243327477
1.589260416207E12,-0.15709964475495905,-0.2559038287348478
1.589260416407E12,-0.1578848039600541,-0.2555911918520066
1.589260416605E12,-0.1586621115730982,-0.2552816813379939
1.589260416804E12,-0.15944334498216778,-0.25984200783864675
1.589260417003E12,-0.15778887829169744,-0.2619666342397597
1.589260417202E12,-0.1561344116012271,-0.25678416034225293
1.589260417402E12,-0.1593675106048547,-0.25891946325794435
1.589260417602E12,-0.1577047300114172,-0.2586068263751032
1.5892604178E12,-0.16090549802500853,-0.2607207762616377
1.589260418E12,-0.1616906572301036,-0.25796019958026395
1.589260418198E12,-0.16246796484314768,-0.2576506890662512
1.589260418397E12,-0.15837779805313745,-0.2549039152682844
1.589260418597E12,-0.16161089705676507,-0.2545912783854432
1.589260418795E12,-0.1599647442692619,-0.2542817678714305
1.589260418994E12,-0.16318167777787138,-0.25153499407346364
1.589260419194E12,-0.16396683698296644,-0.25367029698915505
1.589260419393E12,-0.17205517069065573,-0.2582306234898079
1.589260419592E12,-0.1679650039006455,-0.26035524989092085
1.589260419792E12,-0.16630222330720798,-0.2575946732095471
1.589260419991E12,-0.16464775661673764,-0.25971929961066004
1.589260420189E12,-0.16542506422978173,-0.25698632869610005
1.589260420387E12,-0.16620237184282582,-0.2566768181820873
1.589260420585E12,-0.16697967945586992,-0.25394384726752733
1.589260420784E12,-0.16236757693024398,-0.2511970734695605
1.589260420983E12,-0.16262687460369785,-0.25819310006975327
1.589260421183E12,-0.1628874752805359,-0.2603284029854447
1.589260421381E12,-0.16072200955005836,-0.25517197167033745
1.589260421581E12,-0.16098261022689642,-0.2524113949889637
1.589260421779E12,-0.15881714449641887,-0.24725496367385646
1.589260421978E12,-0.15907644216987274,-0.24694388997542951
1.589260422177E12,-0.15690003974378672,-0.24419711617746265
1.589260422376E12,-0.15228793721816078,-0.2438860424790357
1.589260422577E12,-0.1500896614008578,-0.2484922014068308
1.589260422774E12,-0.15275757376909788,-0.24818425407723224
1.589260422974E12,-0.15301817444593593,-0.24297573759732594
1.589260423174E12,-0.15572671492130657,-0.2402151609159522
1.589260423373E12,-0.15355031249522055,-0.23990408721752526
1.589260423571E12,-0.14896138636419576,-0.23717111630296528
1.58926042377E12,-0.14678498393810974,-0.23686004260453833
1.589260423969E12,-0.14460858151202372,-0.23654896890611138
1.589260424167E12,-0.1448665761820934,-0.23623945839209862
1.589260424367E12,-0.1426792370603989,-0.2310309419121923
1.589260424565E12,-0.14293723173046857,-0.2331448917987268
1.589260424766E12,-0.13827877641564038,-0.23283069173147145
1.589260424965E12,-0.13853807408909424,-0.23982671833166422
1.589260425163E12,-0.1363726083586167,-0.23709374741710423
1.589260425363E12,-0.13908114883398734,-0.23678111053426307
1.589260425562E12,-0.1344690463083614,-0.23890573693537603
1.58926042576E12,-0.13230358057788386,-0.24101968682191052
1.589260425958E12,-0.13256157524795353,-0.243133636708445
1.589260426157E12,-0.1303851728218675,-0.24282256301001806
1.589260426356E12,-0.1282087703957815,-0.2400757892120512
1.589260426555E12,-0.13090376816877528,-0.23976471551362424
1.589260426754E12,-0.12629166564314934,-0.2394536418151973
1.589260426953E12,-0.1216795631175234,-0.23914256811677034
1.589260427152E12,-0.11950316069143736,-0.23639579431880348
1.589260427351E12,-0.11976245836489124,-0.2336490205208366
1.58926042755E12,-0.1151503558392653,-0.23090224672286974
1.589260427749E12,-0.11053825331363937,-0.2330268731239827
1.589260427948E12,-0.11323325108663315,-0.23028009932601584
1.589260428147E12,-0.10862114856100721,-0.2299690256275889
1.589260428347E12,-0.055201926512881076,-0.2541357867300734
1.589260428546E12,-0.08712532548035375,-0.2611318133302662
1.589260428746E12,-0.08738592615719182,-0.2559232968503599
1.589260428945E12,-0.0876452238306457,-0.2531765230523931
1.589260429144E12,-0.08790452150409958,-0.25042974925442624
1.589260429342E12,-0.08816251617416927,-0.254967159541508
1.589260429542E12,-0.0835272372539422,-0.2497586430616017
1.589260429741E12,-0.08622223502693599,-0.24944756936317475
1.589260429939E12,-0.08405676929645843,-0.2442911380480675
1.589260430139E12,-0.0843173699732965,-0.24397850116522635
1.589260430337E12,-0.08215190424281894,-0.24366899065121359
1.589260430537E12,-0.08486044471818958,-0.24335635376837242
1.589260430736E12,-0.08268404229210355,-0.24304528006994547
1.589260430933E12,-0.08052951325723447,-0.24273733274034692
1.589260431132E12,-0.08322451103022825,-0.24242625904191997
1.589260431331E12,-0.07861240850460231,-0.24455088544303294
1.58926043153E12,-0.0813074062775961,-0.24180411164506607
1.589260431729E12,-0.07913100385151006,-0.2390573378470992
1.589260431928E12,-0.08182600162450385,-0.24118196424821217
1.589260432127E12,-0.07964959919841781,-0.24087089054978522
1.589260432326E12,-0.07990889687187169,-0.2429955169508982
1.589260432525E12,-0.08016819454532557,-0.24268444325247124
1.589260432724E12,-0.08042749221877946,-0.2423733695540443
1.589260432923E12,-0.07825108979269342,-0.23719089565653753
1.589260433123E12,-0.07851169046953149,-0.23687825877369637
1.589260433323E12,-0.076324351347837,-0.23411768209232264
1.589260433522E12,-0.07414794892175096,-0.2338066083938957
1.589260433721E12,-0.07197154649566492,-0.23105983459592883
